ISO-10303-21;
HEADER;
/* Generated by software containing ST-Developer
 * from STEP Tools, Inc. (www.steptools.com) 
 */

FILE_DESCRIPTION(
/* description */ (''),
/* implementation_level */ '2;1');

FILE_NAME(
/* name */ '1.step',
/* time_stamp */ '2025-04-06T17:50:43+02:00',
/* author */ (''),
/* organization */ (''),
/* preprocessor_version */ 'ST-DEVELOPER v20.1',
/* originating_system */ 'Autodesk Translation Framework v14.4.0.0',
/* authorisation */ '');

FILE_SCHEMA (('AUTOMOTIVE_DESIGN { 1 0 10303 214 3 1 1 }'));
ENDSEC;

DATA;
#10=MECHANICAL_DESIGN_GEOMETRIC_PRESENTATION_REPRESENTATION('',(#13),#3454);
#11=SHAPE_REPRESENTATION_RELATIONSHIP('SRR','None',#3461,#12);
#12=ADVANCED_BREP_SHAPE_REPRESENTATION('',(#14),#3453);
#13=STYLED_ITEM('',(#3470),#14);
#14=MANIFOLD_SOLID_BREP('Corpo1',#2132);
#15=CONICAL_SURFACE('',#2278,3.99999999999999,0.872664625997165);
#16=CONICAL_SURFACE('',#2281,4.,0.872664625997165);
#17=CONICAL_SURFACE('',#2284,4.,0.872664625997165);
#18=CONICAL_SURFACE('',#2287,4.,0.872664625997165);
#19=FACE_BOUND('',#233,.T.);
#20=FACE_BOUND('',#236,.T.);
#21=FACE_BOUND('',#264,.T.);
#22=FACE_BOUND('',#265,.T.);
#23=FACE_BOUND('',#266,.T.);
#24=FACE_BOUND('',#346,.T.);
#25=FACE_BOUND('',#347,.T.);
#26=PLANE('',#2149);
#27=PLANE('',#2153);
#28=PLANE('',#2154);
#29=PLANE('',#2155);
#30=PLANE('',#2156);
#31=PLANE('',#2158);
#32=PLANE('',#2159);
#33=PLANE('',#2160);
#34=PLANE('',#2166);
#35=PLANE('',#2167);
#36=PLANE('',#2168);
#37=PLANE('',#2175);
#38=PLANE('',#2181);
#39=PLANE('',#2182);
#40=PLANE('',#2183);
#41=PLANE('',#2189);
#42=PLANE('',#2190);
#43=PLANE('',#2191);
#44=PLANE('',#2194);
#45=PLANE('',#2195);
#46=PLANE('',#2196);
#47=PLANE('',#2197);
#48=PLANE('',#2198);
#49=PLANE('',#2204);
#50=PLANE('',#2205);
#51=PLANE('',#2206);
#52=PLANE('',#2211);
#53=PLANE('',#2212);
#54=PLANE('',#2213);
#55=PLANE('',#2214);
#56=PLANE('',#2215);
#57=PLANE('',#2216);
#58=PLANE('',#2217);
#59=PLANE('',#2218);
#60=PLANE('',#2219);
#61=PLANE('',#2220);
#62=PLANE('',#2221);
#63=PLANE('',#2222);
#64=PLANE('',#2223);
#65=PLANE('',#2224);
#66=PLANE('',#2225);
#67=PLANE('',#2226);
#68=PLANE('',#2227);
#69=PLANE('',#2228);
#70=PLANE('',#2229);
#71=PLANE('',#2230);
#72=PLANE('',#2231);
#73=PLANE('',#2232);
#74=PLANE('',#2233);
#75=PLANE('',#2234);
#76=PLANE('',#2235);
#77=PLANE('',#2236);
#78=PLANE('',#2237);
#79=PLANE('',#2238);
#80=PLANE('',#2239);
#81=PLANE('',#2240);
#82=PLANE('',#2241);
#83=PLANE('',#2242);
#84=PLANE('',#2243);
#85=PLANE('',#2244);
#86=PLANE('',#2245);
#87=PLANE('',#2246);
#88=PLANE('',#2247);
#89=PLANE('',#2248);
#90=PLANE('',#2249);
#91=PLANE('',#2250);
#92=PLANE('',#2251);
#93=PLANE('',#2252);
#94=PLANE('',#2253);
#95=PLANE('',#2254);
#96=PLANE('',#2255);
#97=PLANE('',#2256);
#98=PLANE('',#2257);
#99=PLANE('',#2258);
#100=PLANE('',#2259);
#101=PLANE('',#2260);
#102=PLANE('',#2261);
#103=PLANE('',#2262);
#104=PLANE('',#2263);
#105=PLANE('',#2266);
#106=PLANE('',#2267);
#107=PLANE('',#2268);
#108=PLANE('',#2269);
#109=PLANE('',#2270);
#110=PLANE('',#2271);
#111=PLANE('',#2272);
#112=PLANE('',#2273);
#113=PLANE('',#2274);
#114=PLANE('',#2275);
#115=PLANE('',#2276);
#116=PLANE('',#2277);
#117=PLANE('',#2280);
#118=PLANE('',#2283);
#119=PLANE('',#2286);
#120=PLANE('',#2289);
#121=FACE_OUTER_BOUND('',#231,.T.);
#122=FACE_OUTER_BOUND('',#232,.T.);
#123=FACE_OUTER_BOUND('',#234,.T.);
#124=FACE_OUTER_BOUND('',#235,.T.);
#125=FACE_OUTER_BOUND('',#237,.T.);
#126=FACE_OUTER_BOUND('',#238,.T.);
#127=FACE_OUTER_BOUND('',#239,.T.);
#128=FACE_OUTER_BOUND('',#240,.T.);
#129=FACE_OUTER_BOUND('',#241,.T.);
#130=FACE_OUTER_BOUND('',#242,.T.);
#131=FACE_OUTER_BOUND('',#243,.T.);
#132=FACE_OUTER_BOUND('',#244,.T.);
#133=FACE_OUTER_BOUND('',#245,.T.);
#134=FACE_OUTER_BOUND('',#246,.T.);
#135=FACE_OUTER_BOUND('',#247,.T.);
#136=FACE_OUTER_BOUND('',#248,.T.);
#137=FACE_OUTER_BOUND('',#249,.T.);
#138=FACE_OUTER_BOUND('',#250,.T.);
#139=FACE_OUTER_BOUND('',#251,.T.);
#140=FACE_OUTER_BOUND('',#252,.T.);
#141=FACE_OUTER_BOUND('',#253,.T.);
#142=FACE_OUTER_BOUND('',#254,.T.);
#143=FACE_OUTER_BOUND('',#255,.T.);
#144=FACE_OUTER_BOUND('',#256,.T.);
#145=FACE_OUTER_BOUND('',#257,.T.);
#146=FACE_OUTER_BOUND('',#258,.T.);
#147=FACE_OUTER_BOUND('',#259,.T.);
#148=FACE_OUTER_BOUND('',#260,.T.);
#149=FACE_OUTER_BOUND('',#261,.T.);
#150=FACE_OUTER_BOUND('',#262,.T.);
#151=FACE_OUTER_BOUND('',#263,.T.);
#152=FACE_OUTER_BOUND('',#267,.T.);
#153=FACE_OUTER_BOUND('',#268,.T.);
#154=FACE_OUTER_BOUND('',#269,.T.);
#155=FACE_OUTER_BOUND('',#270,.T.);
#156=FACE_OUTER_BOUND('',#271,.T.);
#157=FACE_OUTER_BOUND('',#272,.T.);
#158=FACE_OUTER_BOUND('',#273,.T.);
#159=FACE_OUTER_BOUND('',#274,.T.);
#160=FACE_OUTER_BOUND('',#275,.T.);
#161=FACE_OUTER_BOUND('',#276,.T.);
#162=FACE_OUTER_BOUND('',#277,.T.);
#163=FACE_OUTER_BOUND('',#278,.T.);
#164=FACE_OUTER_BOUND('',#279,.T.);
#165=FACE_OUTER_BOUND('',#280,.T.);
#166=FACE_OUTER_BOUND('',#281,.T.);
#167=FACE_OUTER_BOUND('',#282,.T.);
#168=FACE_OUTER_BOUND('',#283,.T.);
#169=FACE_OUTER_BOUND('',#284,.T.);
#170=FACE_OUTER_BOUND('',#285,.T.);
#171=FACE_OUTER_BOUND('',#286,.T.);
#172=FACE_OUTER_BOUND('',#287,.T.);
#173=FACE_OUTER_BOUND('',#288,.T.);
#174=FACE_OUTER_BOUND('',#289,.T.);
#175=FACE_OUTER_BOUND('',#290,.T.);
#176=FACE_OUTER_BOUND('',#291,.T.);
#177=FACE_OUTER_BOUND('',#292,.T.);
#178=FACE_OUTER_BOUND('',#293,.T.);
#179=FACE_OUTER_BOUND('',#294,.T.);
#180=FACE_OUTER_BOUND('',#295,.T.);
#181=FACE_OUTER_BOUND('',#296,.T.);
#182=FACE_OUTER_BOUND('',#297,.T.);
#183=FACE_OUTER_BOUND('',#298,.T.);
#184=FACE_OUTER_BOUND('',#299,.T.);
#185=FACE_OUTER_BOUND('',#300,.T.);
#186=FACE_OUTER_BOUND('',#301,.T.);
#187=FACE_OUTER_BOUND('',#302,.T.);
#188=FACE_OUTER_BOUND('',#303,.T.);
#189=FACE_OUTER_BOUND('',#304,.T.);
#190=FACE_OUTER_BOUND('',#305,.T.);
#191=FACE_OUTER_BOUND('',#306,.T.);
#192=FACE_OUTER_BOUND('',#307,.T.);
#193=FACE_OUTER_BOUND('',#308,.T.);
#194=FACE_OUTER_BOUND('',#309,.T.);
#195=FACE_OUTER_BOUND('',#310,.T.);
#196=FACE_OUTER_BOUND('',#311,.T.);
#197=FACE_OUTER_BOUND('',#312,.T.);
#198=FACE_OUTER_BOUND('',#313,.T.);
#199=FACE_OUTER_BOUND('',#314,.T.);
#200=FACE_OUTER_BOUND('',#315,.T.);
#201=FACE_OUTER_BOUND('',#316,.T.);
#202=FACE_OUTER_BOUND('',#317,.T.);
#203=FACE_OUTER_BOUND('',#318,.T.);
#204=FACE_OUTER_BOUND('',#319,.T.);
#205=FACE_OUTER_BOUND('',#320,.T.);
#206=FACE_OUTER_BOUND('',#321,.T.);
#207=FACE_OUTER_BOUND('',#322,.T.);
#208=FACE_OUTER_BOUND('',#323,.T.);
#209=FACE_OUTER_BOUND('',#324,.T.);
#210=FACE_OUTER_BOUND('',#325,.T.);
#211=FACE_OUTER_BOUND('',#326,.T.);
#212=FACE_OUTER_BOUND('',#327,.T.);
#213=FACE_OUTER_BOUND('',#328,.T.);
#214=FACE_OUTER_BOUND('',#329,.T.);
#215=FACE_OUTER_BOUND('',#330,.T.);
#216=FACE_OUTER_BOUND('',#331,.T.);
#217=FACE_OUTER_BOUND('',#332,.T.);
#218=FACE_OUTER_BOUND('',#333,.T.);
#219=FACE_OUTER_BOUND('',#334,.T.);
#220=FACE_OUTER_BOUND('',#335,.T.);
#221=FACE_OUTER_BOUND('',#336,.T.);
#222=FACE_OUTER_BOUND('',#337,.T.);
#223=FACE_OUTER_BOUND('',#338,.T.);
#224=FACE_OUTER_BOUND('',#339,.T.);
#225=FACE_OUTER_BOUND('',#340,.T.);
#226=FACE_OUTER_BOUND('',#341,.T.);
#227=FACE_OUTER_BOUND('',#342,.T.);
#228=FACE_OUTER_BOUND('',#343,.T.);
#229=FACE_OUTER_BOUND('',#344,.T.);
#230=FACE_OUTER_BOUND('',#345,.T.);
#231=EDGE_LOOP('',(#1409,#1410,#1411,#1412));
#232=EDGE_LOOP('',(#1413,#1414,#1415,#1416));
#233=EDGE_LOOP('',(#1417,#1418,#1419,#1420));
#234=EDGE_LOOP('',(#1421,#1422,#1423,#1424));
#235=EDGE_LOOP('',(#1425,#1426,#1427,#1428));
#236=EDGE_LOOP('',(#1429,#1430,#1431,#1432));
#237=EDGE_LOOP('',(#1433,#1434,#1435,#1436,#1437));
#238=EDGE_LOOP('',(#1438,#1439,#1440,#1441,#1442));
#239=EDGE_LOOP('',(#1443,#1444,#1445,#1446,#1447,#1448,#1449));
#240=EDGE_LOOP('',(#1450,#1451,#1452,#1453,#1454,#1455,#1456,#1457));
#241=EDGE_LOOP('',(#1458,#1459,#1460,#1461));
#242=EDGE_LOOP('',(#1462,#1463,#1464,#1465));
#243=EDGE_LOOP('',(#1466,#1467,#1468,#1469,#1470,#1471,#1472,#1473,#1474,
#1475));
#244=EDGE_LOOP('',(#1476,#1477,#1478,#1479));
#245=EDGE_LOOP('',(#1480,#1481,#1482,#1483));
#246=EDGE_LOOP('',(#1484,#1485,#1486,#1487,#1488,#1489));
#247=EDGE_LOOP('',(#1490,#1491,#1492,#1493));
#248=EDGE_LOOP('',(#1494,#1495,#1496,#1497));
#249=EDGE_LOOP('',(#1498,#1499,#1500,#1501,#1502,#1503,#1504,#1505));
#250=EDGE_LOOP('',(#1506,#1507,#1508,#1509,#1510,#1511,#1512,#1513,#1514,
#1515));
#251=EDGE_LOOP('',(#1516,#1517,#1518,#1519));
#252=EDGE_LOOP('',(#1520,#1521,#1522,#1523));
#253=EDGE_LOOP('',(#1524,#1525,#1526,#1527,#1528,#1529));
#254=EDGE_LOOP('',(#1530,#1531,#1532,#1533));
#255=EDGE_LOOP('',(#1534,#1535,#1536,#1537));
#256=EDGE_LOOP('',(#1538,#1539,#1540,#1541));
#257=EDGE_LOOP('',(#1542,#1543,#1544,#1545));
#258=EDGE_LOOP('',(#1546,#1547,#1548,#1549,#1550,#1551,#1552,#1553,#1554,
#1555,#1556,#1557,#1558,#1559));
#259=EDGE_LOOP('',(#1560,#1561,#1562,#1563));
#260=EDGE_LOOP('',(#1564,#1565,#1566,#1567));
#261=EDGE_LOOP('',(#1568,#1569,#1570,#1571,#1572,#1573,#1574,#1575,#1576,
#1577));
#262=EDGE_LOOP('',(#1578,#1579,#1580,#1581,#1582,#1583,#1584,#1585));
#263=EDGE_LOOP('',(#1586,#1587,#1588,#1589,#1590,#1591,#1592,#1593));
#264=EDGE_LOOP('',(#1594,#1595,#1596,#1597,#1598,#1599,#1600,#1601,#1602,
#1603,#1604,#1605,#1606,#1607,#1608,#1609,#1610,#1611,#1612,#1613));
#265=EDGE_LOOP('',(#1614,#1615,#1616,#1617,#1618,#1619,#1620,#1621,#1622,
#1623));
#266=EDGE_LOOP('',(#1624));
#267=EDGE_LOOP('',(#1625,#1626,#1627,#1628,#1629,#1630,#1631,#1632));
#268=EDGE_LOOP('',(#1633,#1634,#1635,#1636,#1637,#1638,#1639,#1640));
#269=EDGE_LOOP('',(#1641,#1642,#1643,#1644,#1645,#1646,#1647,#1648));
#270=EDGE_LOOP('',(#1649,#1650,#1651,#1652));
#271=EDGE_LOOP('',(#1653,#1654,#1655,#1656));
#272=EDGE_LOOP('',(#1657,#1658,#1659,#1660,#1661,#1662));
#273=EDGE_LOOP('',(#1663,#1664,#1665));
#274=EDGE_LOOP('',(#1666,#1667,#1668));
#275=EDGE_LOOP('',(#1669,#1670,#1671,#1672,#1673,#1674));
#276=EDGE_LOOP('',(#1675,#1676,#1677,#1678));
#277=EDGE_LOOP('',(#1679,#1680,#1681,#1682));
#278=EDGE_LOOP('',(#1683,#1684,#1685,#1686));
#279=EDGE_LOOP('',(#1687,#1688,#1689,#1690));
#280=EDGE_LOOP('',(#1691,#1692,#1693,#1694,#1695));
#281=EDGE_LOOP('',(#1696,#1697,#1698,#1699));
#282=EDGE_LOOP('',(#1700,#1701,#1702,#1703,#1704));
#283=EDGE_LOOP('',(#1705,#1706,#1707,#1708));
#284=EDGE_LOOP('',(#1709,#1710,#1711,#1712,#1713,#1714,#1715));
#285=EDGE_LOOP('',(#1716,#1717,#1718,#1719));
#286=EDGE_LOOP('',(#1720,#1721,#1722,#1723));
#287=EDGE_LOOP('',(#1724,#1725,#1726,#1727));
#288=EDGE_LOOP('',(#1728,#1729,#1730,#1731,#1732,#1733,#1734,#1735));
#289=EDGE_LOOP('',(#1736,#1737,#1738,#1739,#1740));
#290=EDGE_LOOP('',(#1741,#1742,#1743,#1744,#1745));
#291=EDGE_LOOP('',(#1746,#1747,#1748,#1749,#1750,#1751,#1752));
#292=EDGE_LOOP('',(#1753,#1754,#1755,#1756,#1757));
#293=EDGE_LOOP('',(#1758,#1759,#1760,#1761,#1762,#1763,#1764));
#294=EDGE_LOOP('',(#1765,#1766,#1767,#1768));
#295=EDGE_LOOP('',(#1769,#1770,#1771,#1772));
#296=EDGE_LOOP('',(#1773,#1774,#1775,#1776,#1777));
#297=EDGE_LOOP('',(#1778,#1779,#1780,#1781,#1782));
#298=EDGE_LOOP('',(#1783,#1784,#1785,#1786,#1787,#1788,#1789));
#299=EDGE_LOOP('',(#1790,#1791,#1792,#1793,#1794));
#300=EDGE_LOOP('',(#1795,#1796,#1797,#1798));
#301=EDGE_LOOP('',(#1799,#1800,#1801,#1802));
#302=EDGE_LOOP('',(#1803,#1804,#1805,#1806));
#303=EDGE_LOOP('',(#1807,#1808,#1809,#1810,#1811,#1812,#1813));
#304=EDGE_LOOP('',(#1814,#1815,#1816,#1817));
#305=EDGE_LOOP('',(#1818,#1819,#1820,#1821));
#306=EDGE_LOOP('',(#1822,#1823,#1824,#1825));
#307=EDGE_LOOP('',(#1826,#1827,#1828,#1829));
#308=EDGE_LOOP('',(#1830,#1831,#1832,#1833,#1834,#1835));
#309=EDGE_LOOP('',(#1836,#1837,#1838,#1839));
#310=EDGE_LOOP('',(#1840,#1841,#1842,#1843));
#311=EDGE_LOOP('',(#1844,#1845,#1846,#1847));
#312=EDGE_LOOP('',(#1848,#1849,#1850,#1851,#1852));
#313=EDGE_LOOP('',(#1853,#1854,#1855,#1856));
#314=EDGE_LOOP('',(#1857,#1858,#1859,#1860));
#315=EDGE_LOOP('',(#1861,#1862,#1863,#1864));
#316=EDGE_LOOP('',(#1865,#1866,#1867,#1868));
#317=EDGE_LOOP('',(#1869,#1870,#1871,#1872));
#318=EDGE_LOOP('',(#1873,#1874,#1875,#1876,#1877));
#319=EDGE_LOOP('',(#1878,#1879,#1880,#1881));
#320=EDGE_LOOP('',(#1882,#1883,#1884,#1885,#1886,#1887,#1888,#1889,#1890,
#1891));
#321=EDGE_LOOP('',(#1892,#1893,#1894,#1895));
#322=EDGE_LOOP('',(#1896,#1897,#1898,#1899,#1900));
#323=EDGE_LOOP('',(#1901,#1902,#1903,#1904,#1905));
#324=EDGE_LOOP('',(#1906,#1907,#1908,#1909));
#325=EDGE_LOOP('',(#1910,#1911,#1912,#1913));
#326=EDGE_LOOP('',(#1914,#1915,#1916,#1917,#1918));
#327=EDGE_LOOP('',(#1919,#1920,#1921,#1922,#1923));
#328=EDGE_LOOP('',(#1924,#1925,#1926,#1927));
#329=EDGE_LOOP('',(#1928,#1929,#1930,#1931));
#330=EDGE_LOOP('',(#1932,#1933,#1934,#1935));
#331=EDGE_LOOP('',(#1936,#1937,#1938,#1939,#1940));
#332=EDGE_LOOP('',(#1941,#1942,#1943,#1944,#1945));
#333=EDGE_LOOP('',(#1946,#1947,#1948,#1949));
#334=EDGE_LOOP('',(#1950,#1951,#1952,#1953));
#335=EDGE_LOOP('',(#1954,#1955,#1956,#1957,#1958,#1959,#1960,#1961));
#336=EDGE_LOOP('',(#1962,#1963,#1964,#1965));
#337=EDGE_LOOP('',(#1966,#1967,#1968,#1969));
#338=EDGE_LOOP('',(#1970,#1971,#1972,#1973));
#339=EDGE_LOOP('',(#1974,#1975,#1976,#1977));
#340=EDGE_LOOP('',(#1978,#1979,#1980,#1981));
#341=EDGE_LOOP('',(#1982,#1983,#1984,#1985));
#342=EDGE_LOOP('',(#1986,#1987,#1988,#1989));
#343=EDGE_LOOP('',(#1990,#1991,#1992,#1993));
#344=EDGE_LOOP('',(#1994,#1995,#1996,#1997));
#345=EDGE_LOOP('',(#1998,#1999,#2000,#2001,#2002,#2003,#2004,#2005));
#346=EDGE_LOOP('',(#2006,#2007,#2008,#2009));
#347=EDGE_LOOP('',(#2010));
#348=LINE('',#2853,#615);
#349=LINE('',#2856,#616);
#350=LINE('',#2859,#617);
#351=LINE('',#2861,#618);
#352=LINE('',#2862,#619);
#353=LINE('',#2865,#620);
#354=LINE('',#2867,#621);
#355=LINE('',#2869,#622);
#356=LINE('',#2870,#623);
#357=LINE('',#2876,#624);
#358=LINE('',#2879,#625);
#359=LINE('',#2882,#626);
#360=LINE('',#2884,#627);
#361=LINE('',#2885,#628);
#362=LINE('',#2888,#629);
#363=LINE('',#2890,#630);
#364=LINE('',#2892,#631);
#365=LINE('',#2893,#632);
#366=LINE('',#2897,#633);
#367=LINE('',#2899,#634);
#368=LINE('',#2901,#635);
#369=LINE('',#2903,#636);
#370=LINE('',#2904,#637);
#371=LINE('',#2907,#638);
#372=LINE('',#2909,#639);
#373=LINE('',#2911,#640);
#374=LINE('',#2912,#641);
#375=LINE('',#2916,#642);
#376=LINE('',#2918,#643);
#377=LINE('',#2920,#644);
#378=LINE('',#2922,#645);
#379=LINE('',#2926,#646);
#380=LINE('',#2927,#647);
#381=LINE('',#2929,#648);
#382=LINE('',#2931,#649);
#383=LINE('',#2933,#650);
#384=LINE('',#2935,#651);
#385=LINE('',#2937,#652);
#386=LINE('',#2938,#653);
#387=LINE('',#2940,#654);
#388=LINE('',#2942,#655);
#389=LINE('',#2948,#656);
#390=LINE('',#2952,#657);
#391=LINE('',#2956,#658);
#392=LINE('',#2960,#659);
#393=LINE('',#2962,#660);
#394=LINE('',#2963,#661);
#395=LINE('',#2966,#662);
#396=LINE('',#2968,#663);
#397=LINE('',#2970,#664);
#398=LINE('',#2971,#665);
#399=LINE('',#2974,#666);
#400=LINE('',#2976,#667);
#401=LINE('',#2977,#668);
#402=LINE('',#2980,#669);
#403=LINE('',#2982,#670);
#404=LINE('',#2984,#671);
#405=LINE('',#2986,#672);
#406=LINE('',#2988,#673);
#407=LINE('',#2989,#674);
#408=LINE('',#2995,#675);
#409=LINE('',#3000,#676);
#410=LINE('',#3004,#677);
#411=LINE('',#3006,#678);
#412=LINE('',#3007,#679);
#413=LINE('',#3009,#680);
#414=LINE('',#3011,#681);
#415=LINE('',#3012,#682);
#416=LINE('',#3017,#683);
#417=LINE('',#3021,#684);
#418=LINE('',#3025,#685);
#419=LINE('',#3029,#686);
#420=LINE('',#3030,#687);
#421=LINE('',#3033,#688);
#422=LINE('',#3035,#689);
#423=LINE('',#3036,#690);
#424=LINE('',#3039,#691);
#425=LINE('',#3041,#692);
#426=LINE('',#3043,#693);
#427=LINE('',#3044,#694);
#428=LINE('',#3047,#695);
#429=LINE('',#3048,#696);
#430=LINE('',#3049,#697);
#431=LINE('',#3054,#698);
#432=LINE('',#3058,#699);
#433=LINE('',#3063,#700);
#434=LINE('',#3065,#701);
#435=LINE('',#3067,#702);
#436=LINE('',#3068,#703);
#437=LINE('',#3071,#704);
#438=LINE('',#3072,#705);
#439=LINE('',#3073,#706);
#440=LINE('',#3076,#707);
#441=LINE('',#3078,#708);
#442=LINE('',#3080,#709);
#443=LINE('',#3082,#710);
#444=LINE('',#3084,#711);
#445=LINE('',#3086,#712);
#446=LINE('',#3088,#713);
#447=LINE('',#3090,#714);
#448=LINE('',#3094,#715);
#449=LINE('',#3097,#716);
#450=LINE('',#3101,#717);
#451=LINE('',#3102,#718);
#452=LINE('',#3103,#719);
#453=LINE('',#3105,#720);
#454=LINE('',#3106,#721);
#455=LINE('',#3108,#722);
#456=LINE('',#3109,#723);
#457=LINE('',#3111,#724);
#458=LINE('',#3112,#725);
#459=LINE('',#3116,#726);
#460=LINE('',#3120,#727);
#461=LINE('',#3124,#728);
#462=LINE('',#3128,#729);
#463=LINE('',#3130,#730);
#464=LINE('',#3132,#731);
#465=LINE('',#3133,#732);
#466=LINE('',#3135,#733);
#467=LINE('',#3137,#734);
#468=LINE('',#3139,#735);
#469=LINE('',#3140,#736);
#470=LINE('',#3141,#737);
#471=LINE('',#3142,#738);
#472=LINE('',#3145,#739);
#473=LINE('',#3147,#740);
#474=LINE('',#3149,#741);
#475=LINE('',#3151,#742);
#476=LINE('',#3153,#743);
#477=LINE('',#3155,#744);
#478=LINE('',#3157,#745);
#479=LINE('',#3159,#746);
#480=LINE('',#3161,#747);
#481=LINE('',#3162,#748);
#482=LINE('',#3167,#749);
#483=LINE('',#3168,#750);
#484=LINE('',#3170,#751);
#485=LINE('',#3173,#752);
#486=LINE('',#3174,#753);
#487=LINE('',#3177,#754);
#488=LINE('',#3182,#755);
#489=LINE('',#3185,#756);
#490=LINE('',#3187,#757);
#491=LINE('',#3189,#758);
#492=LINE('',#3190,#759);
#493=LINE('',#3193,#760);
#494=LINE('',#3194,#761);
#495=LINE('',#3197,#762);
#496=LINE('',#3198,#763);
#497=LINE('',#3201,#764);
#498=LINE('',#3203,#765);
#499=LINE('',#3205,#766);
#500=LINE('',#3206,#767);
#501=LINE('',#3210,#768);
#502=LINE('',#3212,#769);
#503=LINE('',#3214,#770);
#504=LINE('',#3215,#771);
#505=LINE('',#3219,#772);
#506=LINE('',#3221,#773);
#507=LINE('',#3223,#774);
#508=LINE('',#3224,#775);
#509=LINE('',#3228,#776);
#510=LINE('',#3230,#777);
#511=LINE('',#3232,#778);
#512=LINE('',#3233,#779);
#513=LINE('',#3235,#780);
#514=LINE('',#3236,#781);
#515=LINE('',#3239,#782);
#516=LINE('',#3240,#783);
#517=LINE('',#3242,#784);
#518=LINE('',#3243,#785);
#519=LINE('',#3246,#786);
#520=LINE('',#3247,#787);
#521=LINE('',#3249,#788);
#522=LINE('',#3250,#789);
#523=LINE('',#3253,#790);
#524=LINE('',#3254,#791);
#525=LINE('',#3257,#792);
#526=LINE('',#3258,#793);
#527=LINE('',#3261,#794);
#528=LINE('',#3262,#795);
#529=LINE('',#3265,#796);
#530=LINE('',#3266,#797);
#531=LINE('',#3268,#798);
#532=LINE('',#3269,#799);
#533=LINE('',#3270,#800);
#534=LINE('',#3272,#801);
#535=LINE('',#3274,#802);
#536=LINE('',#3281,#803);
#537=LINE('',#3283,#804);
#538=LINE('',#3285,#805);
#539=LINE('',#3286,#806);
#540=LINE('',#3290,#807);
#541=LINE('',#3292,#808);
#542=LINE('',#3294,#809);
#543=LINE('',#3295,#810);
#544=LINE('',#3297,#811);
#545=LINE('',#3298,#812);
#546=LINE('',#3299,#813);
#547=LINE('',#3301,#814);
#548=LINE('',#3302,#815);
#549=LINE('',#3304,#816);
#550=LINE('',#3305,#817);
#551=LINE('',#3307,#818);
#552=LINE('',#3308,#819);
#553=LINE('',#3309,#820);
#554=LINE('',#3317,#821);
#555=LINE('',#3319,#822);
#556=LINE('',#3323,#823);
#557=LINE('',#3325,#824);
#558=LINE('',#3326,#825);
#559=LINE('',#3330,#826);
#560=LINE('',#3331,#827);
#561=LINE('',#3332,#828);
#562=LINE('',#3335,#829);
#563=LINE('',#3337,#830);
#564=LINE('',#3338,#831);
#565=LINE('',#3342,#832);
#566=LINE('',#3343,#833);
#567=LINE('',#3344,#834);
#568=LINE('',#3347,#835);
#569=LINE('',#3348,#836);
#570=LINE('',#3350,#837);
#571=LINE('',#3353,#838);
#572=LINE('',#3355,#839);
#573=LINE('',#3356,#840);
#574=LINE('',#3359,#841);
#575=LINE('',#3360,#842);
#576=LINE('',#3363,#843);
#577=LINE('',#3364,#844);
#578=LINE('',#3367,#845);
#579=LINE('',#3368,#846);
#580=LINE('',#3370,#847);
#581=LINE('',#3372,#848);
#582=LINE('',#3375,#849);
#583=LINE('',#3377,#850);
#584=LINE('',#3378,#851);
#585=LINE('',#3381,#852);
#586=LINE('',#3382,#853);
#587=LINE('',#3385,#854);
#588=LINE('',#3386,#855);
#589=LINE('',#3388,#856);
#590=LINE('',#3391,#857);
#591=LINE('',#3395,#858);
#592=LINE('',#3396,#859);
#593=LINE('',#3397,#860);
#594=LINE('',#3399,#861);
#595=LINE('',#3400,#862);
#596=LINE('',#3403,#863);
#597=LINE('',#3404,#864);
#598=LINE('',#3406,#865);
#599=LINE('',#3408,#866);
#600=LINE('',#3410,#867);
#601=LINE('',#3412,#868);
#602=LINE('',#3416,#869);
#603=LINE('',#3420,#870);
#604=LINE('',#3422,#871);
#605=LINE('',#3423,#872);
#606=LINE('',#3426,#873);
#607=LINE('',#3430,#874);
#608=LINE('',#3431,#875);
#609=LINE('',#3434,#876);
#610=LINE('',#3438,#877);
#611=LINE('',#3439,#878);
#612=LINE('',#3442,#879);
#613=LINE('',#3446,#880);
#614=LINE('',#3447,#881);
#615=VECTOR('',#2296,10.);
#616=VECTOR('',#2299,10.);
#617=VECTOR('',#2302,10.);
#618=VECTOR('',#2303,10.);
#619=VECTOR('',#2304,10.);
#620=VECTOR('',#2305,10.);
#621=VECTOR('',#2306,10.);
#622=VECTOR('',#2307,10.);
#623=VECTOR('',#2308,10.);
#624=VECTOR('',#2313,10.);
#625=VECTOR('',#2316,10.);
#626=VECTOR('',#2319,10.);
#627=VECTOR('',#2320,10.);
#628=VECTOR('',#2321,10.);
#629=VECTOR('',#2322,10.);
#630=VECTOR('',#2323,10.);
#631=VECTOR('',#2324,10.);
#632=VECTOR('',#2325,10.);
#633=VECTOR('',#2328,10.);
#634=VECTOR('',#2329,10.);
#635=VECTOR('',#2330,10.);
#636=VECTOR('',#2331,10.);
#637=VECTOR('',#2332,10.);
#638=VECTOR('',#2335,10.);
#639=VECTOR('',#2336,10.);
#640=VECTOR('',#2337,10.);
#641=VECTOR('',#2338,10.);
#642=VECTOR('',#2341,10.);
#643=VECTOR('',#2342,10.);
#644=VECTOR('',#2343,10.);
#645=VECTOR('',#2344,10.);
#646=VECTOR('',#2347,10.);
#647=VECTOR('',#2348,10.);
#648=VECTOR('',#2351,10.);
#649=VECTOR('',#2352,10.);
#650=VECTOR('',#2353,10.);
#651=VECTOR('',#2354,10.);
#652=VECTOR('',#2355,10.);
#653=VECTOR('',#2356,10.);
#654=VECTOR('',#2359,10.);
#655=VECTOR('',#2362,10.);
#656=VECTOR('',#2367,2.);
#657=VECTOR('',#2370,10.);
#658=VECTOR('',#2373,2.);
#659=VECTOR('',#2376,10.);
#660=VECTOR('',#2377,10.);
#661=VECTOR('',#2378,10.);
#662=VECTOR('',#2381,10.);
#663=VECTOR('',#2382,10.);
#664=VECTOR('',#2383,10.);
#665=VECTOR('',#2384,10.);
#666=VECTOR('',#2387,10.);
#667=VECTOR('',#2388,10.);
#668=VECTOR('',#2389,10.);
#669=VECTOR('',#2392,10.);
#670=VECTOR('',#2393,10.);
#671=VECTOR('',#2394,10.);
#672=VECTOR('',#2395,10.);
#673=VECTOR('',#2396,10.);
#674=VECTOR('',#2397,10.);
#675=VECTOR('',#2404,10.);
#676=VECTOR('',#2409,10.);
#677=VECTOR('',#2414,10.);
#678=VECTOR('',#2415,10.);
#679=VECTOR('',#2416,10.);
#680=VECTOR('',#2417,10.);
#681=VECTOR('',#2418,10.);
#682=VECTOR('',#2419,10.);
#683=VECTOR('',#2424,2.);
#684=VECTOR('',#2427,10.);
#685=VECTOR('',#2430,2.);
#686=VECTOR('',#2433,10.);
#687=VECTOR('',#2434,10.);
#688=VECTOR('',#2437,10.);
#689=VECTOR('',#2438,10.);
#690=VECTOR('',#2439,10.);
#691=VECTOR('',#2442,10.);
#692=VECTOR('',#2443,10.);
#693=VECTOR('',#2444,10.);
#694=VECTOR('',#2445,10.);
#695=VECTOR('',#2448,10.);
#696=VECTOR('',#2449,10.);
#697=VECTOR('',#2450,10.);
#698=VECTOR('',#2455,10.);
#699=VECTOR('',#2460,10.);
#700=VECTOR('',#2465,10.);
#701=VECTOR('',#2466,10.);
#702=VECTOR('',#2467,10.);
#703=VECTOR('',#2468,10.);
#704=VECTOR('',#2471,10.);
#705=VECTOR('',#2472,10.);
#706=VECTOR('',#2473,10.);
#707=VECTOR('',#2476,10.);
#708=VECTOR('',#2477,10.);
#709=VECTOR('',#2478,10.);
#710=VECTOR('',#2479,10.);
#711=VECTOR('',#2480,10.);
#712=VECTOR('',#2481,10.);
#713=VECTOR('',#2482,10.);
#714=VECTOR('',#2483,10.);
#715=VECTOR('',#2486,10.);
#716=VECTOR('',#2489,10.);
#717=VECTOR('',#2492,10.);
#718=VECTOR('',#2493,10.);
#719=VECTOR('',#2494,10.);
#720=VECTOR('',#2497,10.);
#721=VECTOR('',#2498,10.);
#722=VECTOR('',#2501,10.);
#723=VECTOR('',#2502,10.);
#724=VECTOR('',#2505,10.);
#725=VECTOR('',#2506,10.);
#726=VECTOR('',#2509,10.);
#727=VECTOR('',#2512,10.);
#728=VECTOR('',#2515,10.);
#729=VECTOR('',#2518,10.);
#730=VECTOR('',#2521,10.);
#731=VECTOR('',#2522,10.);
#732=VECTOR('',#2523,10.);
#733=VECTOR('',#2524,10.);
#734=VECTOR('',#2525,10.);
#735=VECTOR('',#2526,10.);
#736=VECTOR('',#2527,10.);
#737=VECTOR('',#2528,10.);
#738=VECTOR('',#2529,10.);
#739=VECTOR('',#2530,10.);
#740=VECTOR('',#2531,10.);
#741=VECTOR('',#2532,10.);
#742=VECTOR('',#2533,10.);
#743=VECTOR('',#2534,10.);
#744=VECTOR('',#2535,10.);
#745=VECTOR('',#2536,10.);
#746=VECTOR('',#2537,10.);
#747=VECTOR('',#2538,10.);
#748=VECTOR('',#2539,10.);
#749=VECTOR('',#2544,10.);
#750=VECTOR('',#2545,10.);
#751=VECTOR('',#2548,10.);
#752=VECTOR('',#2551,10.);
#753=VECTOR('',#2552,10.);
#754=VECTOR('',#2555,10.);
#755=VECTOR('',#2562,10.);
#756=VECTOR('',#2565,10.);
#757=VECTOR('',#2566,10.);
#758=VECTOR('',#2567,10.);
#759=VECTOR('',#2568,10.);
#760=VECTOR('',#2571,10.);
#761=VECTOR('',#2572,10.);
#762=VECTOR('',#2575,10.);
#763=VECTOR('',#2576,10.);
#764=VECTOR('',#2579,10.);
#765=VECTOR('',#2580,10.);
#766=VECTOR('',#2581,10.);
#767=VECTOR('',#2582,10.);
#768=VECTOR('',#2585,10.);
#769=VECTOR('',#2586,10.);
#770=VECTOR('',#2587,10.);
#771=VECTOR('',#2588,10.);
#772=VECTOR('',#2591,10.);
#773=VECTOR('',#2592,10.);
#774=VECTOR('',#2593,10.);
#775=VECTOR('',#2594,10.);
#776=VECTOR('',#2597,10.);
#777=VECTOR('',#2598,10.);
#778=VECTOR('',#2599,10.);
#779=VECTOR('',#2600,10.);
#780=VECTOR('',#2603,10.);
#781=VECTOR('',#2604,10.);
#782=VECTOR('',#2607,10.);
#783=VECTOR('',#2608,10.);
#784=VECTOR('',#2611,10.);
#785=VECTOR('',#2612,10.);
#786=VECTOR('',#2615,10.);
#787=VECTOR('',#2616,10.);
#788=VECTOR('',#2619,10.);
#789=VECTOR('',#2620,10.);
#790=VECTOR('',#2623,10.);
#791=VECTOR('',#2624,10.);
#792=VECTOR('',#2627,10.);
#793=VECTOR('',#2628,10.);
#794=VECTOR('',#2631,10.);
#795=VECTOR('',#2632,10.);
#796=VECTOR('',#2635,10.);
#797=VECTOR('',#2636,10.);
#798=VECTOR('',#2639,10.);
#799=VECTOR('',#2640,10.);
#800=VECTOR('',#2641,10.);
#801=VECTOR('',#2644,10.);
#802=VECTOR('',#2647,10.);
#803=VECTOR('',#2656,10.);
#804=VECTOR('',#2657,10.);
#805=VECTOR('',#2658,10.);
#806=VECTOR('',#2659,10.);
#807=VECTOR('',#2662,10.);
#808=VECTOR('',#2663,10.);
#809=VECTOR('',#2664,10.);
#810=VECTOR('',#2665,10.);
#811=VECTOR('',#2668,10.);
#812=VECTOR('',#2669,10.);
#813=VECTOR('',#2670,10.);
#814=VECTOR('',#2673,10.);
#815=VECTOR('',#2674,10.);
#816=VECTOR('',#2677,10.);
#817=VECTOR('',#2678,10.);
#818=VECTOR('',#2681,10.);
#819=VECTOR('',#2682,10.);
#820=VECTOR('',#2683,10.);
#821=VECTOR('',#2698,10.);
#822=VECTOR('',#2701,10.);
#823=VECTOR('',#2706,10.);
#824=VECTOR('',#2707,10.);
#825=VECTOR('',#2708,10.);
#826=VECTOR('',#2711,10.);
#827=VECTOR('',#2712,10.);
#828=VECTOR('',#2713,10.);
#829=VECTOR('',#2716,10.);
#830=VECTOR('',#2717,10.);
#831=VECTOR('',#2718,10.);
#832=VECTOR('',#2721,10.);
#833=VECTOR('',#2722,10.);
#834=VECTOR('',#2723,10.);
#835=VECTOR('',#2726,10.);
#836=VECTOR('',#2727,10.);
#837=VECTOR('',#2730,10.);
#838=VECTOR('',#2733,10.);
#839=VECTOR('',#2734,10.);
#840=VECTOR('',#2735,10.);
#841=VECTOR('',#2738,10.);
#842=VECTOR('',#2739,10.);
#843=VECTOR('',#2742,10.);
#844=VECTOR('',#2743,10.);
#845=VECTOR('',#2746,10.);
#846=VECTOR('',#2747,10.);
#847=VECTOR('',#2750,10.);
#848=VECTOR('',#2753,10.);
#849=VECTOR('',#2756,10.);
#850=VECTOR('',#2757,10.);
#851=VECTOR('',#2758,10.);
#852=VECTOR('',#2761,10.);
#853=VECTOR('',#2762,10.);
#854=VECTOR('',#2765,10.);
#855=VECTOR('',#2766,10.);
#856=VECTOR('',#2769,10.);
#857=VECTOR('',#2772,5.);
#858=VECTOR('',#2777,10.);
#859=VECTOR('',#2778,10.);
#860=VECTOR('',#2779,10.);
#861=VECTOR('',#2782,10.);
#862=VECTOR('',#2783,10.);
#863=VECTOR('',#2786,10.);
#864=VECTOR('',#2787,10.);
#865=VECTOR('',#2790,10.);
#866=VECTOR('',#2793,10.);
#867=VECTOR('',#2796,10.);
#868=VECTOR('',#2799,10.);
#869=VECTOR('',#2806,10.);
#870=VECTOR('',#2811,10.);
#871=VECTOR('',#2812,10.);
#872=VECTOR('',#2813,10.);
#873=VECTOR('',#2816,10.);
#874=VECTOR('',#2821,10.);
#875=VECTOR('',#2822,10.);
#876=VECTOR('',#2825,10.);
#877=VECTOR('',#2830,10.);
#878=VECTOR('',#2831,10.);
#879=VECTOR('',#2834,10.);
#880=VECTOR('',#2839,10.);
#881=VECTOR('',#2840,10.);
#882=CIRCLE('',#2147,1.);
#883=CIRCLE('',#2148,1.);
#884=CIRCLE('',#2151,1.);
#885=CIRCLE('',#2152,1.);
#886=CIRCLE('',#2157,4.);
#887=CIRCLE('',#2162,2.);
#888=CIRCLE('',#2163,2.);
#889=CIRCLE('',#2164,2.);
#890=CIRCLE('',#2165,2.);
#891=CIRCLE('',#2170,4.);
#892=CIRCLE('',#2171,4.);
#893=CIRCLE('',#2173,4.);
#894=CIRCLE('',#2174,4.);
#895=CIRCLE('',#2177,2.);
#896=CIRCLE('',#2178,2.);
#897=CIRCLE('',#2179,2.);
#898=CIRCLE('',#2180,2.);
#899=CIRCLE('',#2185,4.);
#900=CIRCLE('',#2186,4.);
#901=CIRCLE('',#2188,4.);
#902=CIRCLE('',#2192,4.);
#903=CIRCLE('',#2193,4.);
#904=CIRCLE('',#2199,1.02061601851448);
#905=CIRCLE('',#2200,1.02061601851448);
#906=CIRCLE('',#2201,1.02061601851447);
#907=CIRCLE('',#2202,1.02061601851447);
#908=CIRCLE('',#2203,5.);
#909=CIRCLE('',#2208,4.);
#910=CIRCLE('',#2210,4.);
#911=CIRCLE('',#2265,5.);
#912=CIRCLE('',#2279,3.99999999999999);
#913=CIRCLE('',#2282,4.);
#914=CIRCLE('',#2285,4.);
#915=CIRCLE('',#2288,4.);
#916=VERTEX_POINT('',#2849);
#917=VERTEX_POINT('',#2850);
#918=VERTEX_POINT('',#2852);
#919=VERTEX_POINT('',#2854);
#920=VERTEX_POINT('',#2858);
#921=VERTEX_POINT('',#2860);
#922=VERTEX_POINT('',#2863);
#923=VERTEX_POINT('',#2864);
#924=VERTEX_POINT('',#2866);
#925=VERTEX_POINT('',#2868);
#926=VERTEX_POINT('',#2872);
#927=VERTEX_POINT('',#2873);
#928=VERTEX_POINT('',#2875);
#929=VERTEX_POINT('',#2877);
#930=VERTEX_POINT('',#2881);
#931=VERTEX_POINT('',#2883);
#932=VERTEX_POINT('',#2886);
#933=VERTEX_POINT('',#2887);
#934=VERTEX_POINT('',#2889);
#935=VERTEX_POINT('',#2891);
#936=VERTEX_POINT('',#2895);
#937=VERTEX_POINT('',#2896);
#938=VERTEX_POINT('',#2898);
#939=VERTEX_POINT('',#2900);
#940=VERTEX_POINT('',#2902);
#941=VERTEX_POINT('',#2906);
#942=VERTEX_POINT('',#2908);
#943=VERTEX_POINT('',#2910);
#944=VERTEX_POINT('',#2914);
#945=VERTEX_POINT('',#2915);
#946=VERTEX_POINT('',#2917);
#947=VERTEX_POINT('',#2919);
#948=VERTEX_POINT('',#2921);
#949=VERTEX_POINT('',#2923);
#950=VERTEX_POINT('',#2925);
#951=VERTEX_POINT('',#2930);
#952=VERTEX_POINT('',#2932);
#953=VERTEX_POINT('',#2934);
#954=VERTEX_POINT('',#2936);
#955=VERTEX_POINT('',#2944);
#956=VERTEX_POINT('',#2945);
#957=VERTEX_POINT('',#2947);
#958=VERTEX_POINT('',#2949);
#959=VERTEX_POINT('',#2951);
#960=VERTEX_POINT('',#2953);
#961=VERTEX_POINT('',#2955);
#962=VERTEX_POINT('',#2957);
#963=VERTEX_POINT('',#2959);
#964=VERTEX_POINT('',#2961);
#965=VERTEX_POINT('',#2965);
#966=VERTEX_POINT('',#2967);
#967=VERTEX_POINT('',#2969);
#968=VERTEX_POINT('',#2973);
#969=VERTEX_POINT('',#2975);
#970=VERTEX_POINT('',#2979);
#971=VERTEX_POINT('',#2981);
#972=VERTEX_POINT('',#2983);
#973=VERTEX_POINT('',#2985);
#974=VERTEX_POINT('',#2987);
#975=VERTEX_POINT('',#2991);
#976=VERTEX_POINT('',#2993);
#977=VERTEX_POINT('',#2997);
#978=VERTEX_POINT('',#2999);
#979=VERTEX_POINT('',#3003);
#980=VERTEX_POINT('',#3005);
#981=VERTEX_POINT('',#3008);
#982=VERTEX_POINT('',#3010);
#983=VERTEX_POINT('',#3014);
#984=VERTEX_POINT('',#3016);
#985=VERTEX_POINT('',#3018);
#986=VERTEX_POINT('',#3020);
#987=VERTEX_POINT('',#3022);
#988=VERTEX_POINT('',#3024);
#989=VERTEX_POINT('',#3026);
#990=VERTEX_POINT('',#3028);
#991=VERTEX_POINT('',#3032);
#992=VERTEX_POINT('',#3034);
#993=VERTEX_POINT('',#3038);
#994=VERTEX_POINT('',#3040);
#995=VERTEX_POINT('',#3042);
#996=VERTEX_POINT('',#3046);
#997=VERTEX_POINT('',#3051);
#998=VERTEX_POINT('',#3053);
#999=VERTEX_POINT('',#3057);
#1000=VERTEX_POINT('',#3061);
#1001=VERTEX_POINT('',#3062);
#1002=VERTEX_POINT('',#3064);
#1003=VERTEX_POINT('',#3066);
#1004=VERTEX_POINT('',#3070);
#1005=VERTEX_POINT('',#3075);
#1006=VERTEX_POINT('',#3077);
#1007=VERTEX_POINT('',#3079);
#1008=VERTEX_POINT('',#3081);
#1009=VERTEX_POINT('',#3083);
#1010=VERTEX_POINT('',#3085);
#1011=VERTEX_POINT('',#3087);
#1012=VERTEX_POINT('',#3089);
#1013=VERTEX_POINT('',#3091);
#1014=VERTEX_POINT('',#3093);
#1015=VERTEX_POINT('',#3095);
#1016=VERTEX_POINT('',#3099);
#1017=VERTEX_POINT('',#3100);
#1018=VERTEX_POINT('',#3114);
#1019=VERTEX_POINT('',#3115);
#1020=VERTEX_POINT('',#3117);
#1021=VERTEX_POINT('',#3119);
#1022=VERTEX_POINT('',#3121);
#1023=VERTEX_POINT('',#3123);
#1024=VERTEX_POINT('',#3125);
#1025=VERTEX_POINT('',#3127);
#1026=VERTEX_POINT('',#3131);
#1027=VERTEX_POINT('',#3134);
#1028=VERTEX_POINT('',#3136);
#1029=VERTEX_POINT('',#3138);
#1030=VERTEX_POINT('',#3143);
#1031=VERTEX_POINT('',#3144);
#1032=VERTEX_POINT('',#3146);
#1033=VERTEX_POINT('',#3148);
#1034=VERTEX_POINT('',#3150);
#1035=VERTEX_POINT('',#3152);
#1036=VERTEX_POINT('',#3154);
#1037=VERTEX_POINT('',#3156);
#1038=VERTEX_POINT('',#3158);
#1039=VERTEX_POINT('',#3160);
#1040=VERTEX_POINT('',#3163);
#1041=VERTEX_POINT('',#3166);
#1042=VERTEX_POINT('',#3172);
#1043=VERTEX_POINT('',#3176);
#1044=VERTEX_POINT('',#3180);
#1045=VERTEX_POINT('',#3184);
#1046=VERTEX_POINT('',#3186);
#1047=VERTEX_POINT('',#3188);
#1048=VERTEX_POINT('',#3192);
#1049=VERTEX_POINT('',#3196);
#1050=VERTEX_POINT('',#3200);
#1051=VERTEX_POINT('',#3202);
#1052=VERTEX_POINT('',#3204);
#1053=VERTEX_POINT('',#3208);
#1054=VERTEX_POINT('',#3209);
#1055=VERTEX_POINT('',#3211);
#1056=VERTEX_POINT('',#3213);
#1057=VERTEX_POINT('',#3217);
#1058=VERTEX_POINT('',#3218);
#1059=VERTEX_POINT('',#3220);
#1060=VERTEX_POINT('',#3222);
#1061=VERTEX_POINT('',#3226);
#1062=VERTEX_POINT('',#3227);
#1063=VERTEX_POINT('',#3229);
#1064=VERTEX_POINT('',#3231);
#1065=VERTEX_POINT('',#3238);
#1066=VERTEX_POINT('',#3245);
#1067=VERTEX_POINT('',#3252);
#1068=VERTEX_POINT('',#3256);
#1069=VERTEX_POINT('',#3260);
#1070=VERTEX_POINT('',#3264);
#1071=VERTEX_POINT('',#3279);
#1072=VERTEX_POINT('',#3280);
#1073=VERTEX_POINT('',#3282);
#1074=VERTEX_POINT('',#3284);
#1075=VERTEX_POINT('',#3288);
#1076=VERTEX_POINT('',#3289);
#1077=VERTEX_POINT('',#3291);
#1078=VERTEX_POINT('',#3293);
#1079=VERTEX_POINT('',#3322);
#1080=VERTEX_POINT('',#3324);
#1081=VERTEX_POINT('',#3328);
#1082=VERTEX_POINT('',#3329);
#1083=VERTEX_POINT('',#3334);
#1084=VERTEX_POINT('',#3336);
#1085=VERTEX_POINT('',#3340);
#1086=VERTEX_POINT('',#3341);
#1087=VERTEX_POINT('',#3346);
#1088=VERTEX_POINT('',#3352);
#1089=VERTEX_POINT('',#3354);
#1090=VERTEX_POINT('',#3358);
#1091=VERTEX_POINT('',#3362);
#1092=VERTEX_POINT('',#3366);
#1093=VERTEX_POINT('',#3374);
#1094=VERTEX_POINT('',#3376);
#1095=VERTEX_POINT('',#3380);
#1096=VERTEX_POINT('',#3384);
#1097=VERTEX_POINT('',#3390);
#1098=VERTEX_POINT('',#3394);
#1099=VERTEX_POINT('',#3402);
#1100=VERTEX_POINT('',#3419);
#1101=VERTEX_POINT('',#3421);
#1102=VERTEX_POINT('',#3425);
#1103=VERTEX_POINT('',#3429);
#1104=VERTEX_POINT('',#3433);
#1105=VERTEX_POINT('',#3437);
#1106=VERTEX_POINT('',#3441);
#1107=VERTEX_POINT('',#3445);
#1108=EDGE_CURVE('',#916,#917,#882,.T.);
#1109=EDGE_CURVE('',#917,#918,#348,.T.);
#1110=EDGE_CURVE('',#918,#919,#883,.T.);
#1111=EDGE_CURVE('',#919,#916,#349,.T.);
#1112=EDGE_CURVE('',#920,#917,#350,.T.);
#1113=EDGE_CURVE('',#920,#921,#351,.T.);
#1114=EDGE_CURVE('',#918,#921,#352,.T.);
#1115=EDGE_CURVE('',#922,#923,#353,.T.);
#1116=EDGE_CURVE('',#923,#924,#354,.T.);
#1117=EDGE_CURVE('',#924,#925,#355,.T.);
#1118=EDGE_CURVE('',#925,#922,#356,.T.);
#1119=EDGE_CURVE('',#926,#927,#884,.T.);
#1120=EDGE_CURVE('',#927,#928,#357,.T.);
#1121=EDGE_CURVE('',#928,#929,#885,.T.);
#1122=EDGE_CURVE('',#929,#926,#358,.T.);
#1123=EDGE_CURVE('',#930,#927,#359,.T.);
#1124=EDGE_CURVE('',#930,#931,#360,.T.);
#1125=EDGE_CURVE('',#928,#931,#361,.T.);
#1126=EDGE_CURVE('',#932,#933,#362,.T.);
#1127=EDGE_CURVE('',#933,#934,#363,.T.);
#1128=EDGE_CURVE('',#934,#935,#364,.T.);
#1129=EDGE_CURVE('',#935,#932,#365,.T.);
#1130=EDGE_CURVE('',#936,#937,#366,.T.);
#1131=EDGE_CURVE('',#937,#938,#367,.T.);
#1132=EDGE_CURVE('',#938,#939,#368,.T.);
#1133=EDGE_CURVE('',#940,#939,#369,.T.);
#1134=EDGE_CURVE('',#940,#936,#370,.T.);
#1135=EDGE_CURVE('',#939,#941,#371,.T.);
#1136=EDGE_CURVE('',#941,#942,#372,.T.);
#1137=EDGE_CURVE('',#942,#943,#373,.T.);
#1138=EDGE_CURVE('',#943,#940,#374,.T.);
#1139=EDGE_CURVE('',#944,#945,#375,.T.);
#1140=EDGE_CURVE('',#946,#944,#376,.T.);
#1141=EDGE_CURVE('',#947,#946,#377,.T.);
#1142=EDGE_CURVE('',#948,#947,#378,.T.);
#1143=EDGE_CURVE('',#949,#948,#886,.T.);
#1144=EDGE_CURVE('',#950,#949,#379,.T.);
#1145=EDGE_CURVE('',#945,#950,#380,.T.);
#1146=EDGE_CURVE('',#940,#946,#381,.T.);
#1147=EDGE_CURVE('',#943,#951,#382,.T.);
#1148=EDGE_CURVE('',#952,#951,#383,.T.);
#1149=EDGE_CURVE('',#952,#953,#384,.T.);
#1150=EDGE_CURVE('',#954,#953,#385,.T.);
#1151=EDGE_CURVE('',#947,#954,#386,.T.);
#1152=EDGE_CURVE('',#944,#936,#387,.T.);
#1153=EDGE_CURVE('',#937,#945,#388,.T.);
#1154=EDGE_CURVE('',#955,#956,#887,.T.);
#1155=EDGE_CURVE('',#956,#957,#389,.T.);
#1156=EDGE_CURVE('',#957,#958,#888,.T.);
#1157=EDGE_CURVE('',#958,#959,#390,.T.);
#1158=EDGE_CURVE('',#960,#959,#889,.F.);
#1159=EDGE_CURVE('',#960,#961,#391,.T.);
#1160=EDGE_CURVE('',#961,#962,#890,.T.);
#1161=EDGE_CURVE('',#962,#963,#392,.T.);
#1162=EDGE_CURVE('',#964,#963,#393,.T.);
#1163=EDGE_CURVE('',#964,#955,#394,.T.);
#1164=EDGE_CURVE('',#965,#955,#395,.T.);
#1165=EDGE_CURVE('',#955,#966,#396,.T.);
#1166=EDGE_CURVE('',#966,#967,#397,.T.);
#1167=EDGE_CURVE('',#965,#967,#398,.T.);
#1168=EDGE_CURVE('',#963,#968,#399,.T.);
#1169=EDGE_CURVE('',#968,#969,#400,.T.);
#1170=EDGE_CURVE('',#964,#969,#401,.T.);
#1171=EDGE_CURVE('',#962,#970,#402,.T.);
#1172=EDGE_CURVE('',#971,#970,#403,.T.);
#1173=EDGE_CURVE('',#971,#972,#404,.T.);
#1174=EDGE_CURVE('',#972,#973,#405,.T.);
#1175=EDGE_CURVE('',#974,#973,#406,.T.);
#1176=EDGE_CURVE('',#974,#962,#407,.T.);
#1177=EDGE_CURVE('',#975,#965,#891,.T.);
#1178=EDGE_CURVE('',#976,#967,#892,.T.);
#1179=EDGE_CURVE('',#976,#975,#408,.T.);
#1180=EDGE_CURVE('',#970,#977,#893,.T.);
#1181=EDGE_CURVE('',#977,#978,#409,.T.);
#1182=EDGE_CURVE('',#978,#971,#894,.T.);
#1183=EDGE_CURVE('',#960,#979,#410,.T.);
#1184=EDGE_CURVE('',#979,#980,#411,.T.);
#1185=EDGE_CURVE('',#980,#957,#412,.T.);
#1186=EDGE_CURVE('',#981,#956,#413,.T.);
#1187=EDGE_CURVE('',#981,#982,#414,.T.);
#1188=EDGE_CURVE('',#961,#982,#415,.T.);
#1189=EDGE_CURVE('',#983,#941,#895,.F.);
#1190=EDGE_CURVE('',#983,#984,#416,.T.);
#1191=EDGE_CURVE('',#984,#985,#896,.T.);
#1192=EDGE_CURVE('',#986,#985,#417,.F.);
#1193=EDGE_CURVE('',#987,#986,#897,.F.);
#1194=EDGE_CURVE('',#987,#988,#418,.T.);
#1195=EDGE_CURVE('',#989,#988,#898,.F.);
#1196=EDGE_CURVE('',#990,#989,#419,.T.);
#1197=EDGE_CURVE('',#942,#990,#420,.T.);
#1198=EDGE_CURVE('',#990,#991,#421,.T.);
#1199=EDGE_CURVE('',#992,#991,#422,.T.);
#1200=EDGE_CURVE('',#942,#992,#423,.T.);
#1201=EDGE_CURVE('',#989,#993,#424,.T.);
#1202=EDGE_CURVE('',#994,#993,#425,.T.);
#1203=EDGE_CURVE('',#994,#995,#426,.T.);
#1204=EDGE_CURVE('',#989,#995,#427,.T.);
#1205=EDGE_CURVE('',#996,#949,#428,.T.);
#1206=EDGE_CURVE('',#996,#941,#429,.T.);
#1207=EDGE_CURVE('',#950,#938,#430,.T.);
#1208=EDGE_CURVE('',#993,#997,#899,.T.);
#1209=EDGE_CURVE('',#997,#998,#431,.T.);
#1210=EDGE_CURVE('',#994,#998,#900,.T.);
#1211=EDGE_CURVE('',#948,#999,#432,.T.);
#1212=EDGE_CURVE('',#999,#996,#901,.T.);
#1213=EDGE_CURVE('',#1000,#1001,#433,.T.);
#1214=EDGE_CURVE('',#1001,#1002,#434,.T.);
#1215=EDGE_CURVE('',#1002,#1003,#435,.T.);
#1216=EDGE_CURVE('',#1003,#1000,#436,.T.);
#1217=EDGE_CURVE('',#1001,#1004,#437,.T.);
#1218=EDGE_CURVE('',#995,#1004,#438,.T.);
#1219=EDGE_CURVE('',#995,#1002,#439,.T.);
#1220=EDGE_CURVE('',#1005,#1000,#440,.T.);
#1221=EDGE_CURVE('',#1006,#1005,#441,.T.);
#1222=EDGE_CURVE('',#1006,#1007,#442,.T.);
#1223=EDGE_CURVE('',#1008,#1007,#443,.T.);
#1224=EDGE_CURVE('',#1008,#1009,#444,.T.);
#1225=EDGE_CURVE('',#1010,#1009,#445,.T.);
#1226=EDGE_CURVE('',#1011,#1010,#446,.T.);
#1227=EDGE_CURVE('',#1012,#1011,#447,.T.);
#1228=EDGE_CURVE('',#1012,#1013,#902,.T.);
#1229=EDGE_CURVE('',#1014,#1013,#448,.T.);
#1230=EDGE_CURVE('',#1014,#1015,#903,.T.);
#1231=EDGE_CURVE('',#1004,#1015,#449,.T.);
#1232=EDGE_CURVE('',#1016,#1017,#450,.T.);
#1233=EDGE_CURVE('',#1017,#1010,#451,.T.);
#1234=EDGE_CURVE('',#1009,#1016,#452,.T.);
#1235=EDGE_CURVE('',#1017,#966,#453,.T.);
#1236=EDGE_CURVE('',#966,#1011,#454,.T.);
#1237=EDGE_CURVE('',#976,#998,#455,.T.);
#1238=EDGE_CURVE('',#1016,#1003,#456,.T.);
#1239=EDGE_CURVE('',#929,#975,#457,.T.);
#1240=EDGE_CURVE('',#931,#981,#458,.T.);
#1241=EDGE_CURVE('',#1018,#1019,#459,.T.);
#1242=EDGE_CURVE('',#1020,#1018,#904,.T.);
#1243=EDGE_CURVE('',#1021,#1020,#460,.T.);
#1244=EDGE_CURVE('',#1022,#1021,#905,.T.);
#1245=EDGE_CURVE('',#1023,#1022,#461,.T.);
#1246=EDGE_CURVE('',#1024,#1023,#906,.T.);
#1247=EDGE_CURVE('',#1025,#1024,#462,.T.);
#1248=EDGE_CURVE('',#1019,#1025,#907,.T.);
#1249=EDGE_CURVE('',#919,#999,#463,.T.);
#1250=EDGE_CURVE('',#954,#1026,#464,.T.);
#1251=EDGE_CURVE('',#1014,#1026,#465,.T.);
#1252=EDGE_CURVE('',#1027,#1013,#466,.T.);
#1253=EDGE_CURVE('',#1027,#1028,#467,.T.);
#1254=EDGE_CURVE('',#1028,#1029,#468,.T.);
#1255=EDGE_CURVE('',#1029,#978,#469,.T.);
#1256=EDGE_CURVE('',#977,#926,#470,.T.);
#1257=EDGE_CURVE('',#997,#916,#471,.T.);
#1258=EDGE_CURVE('',#1030,#1031,#472,.T.);
#1259=EDGE_CURVE('',#1031,#1032,#473,.T.);
#1260=EDGE_CURVE('',#1032,#1033,#474,.T.);
#1261=EDGE_CURVE('',#1033,#1034,#475,.T.);
#1262=EDGE_CURVE('',#1034,#1035,#476,.T.);
#1263=EDGE_CURVE('',#1035,#1036,#477,.T.);
#1264=EDGE_CURVE('',#1036,#1037,#478,.T.);
#1265=EDGE_CURVE('',#1037,#1038,#479,.T.);
#1266=EDGE_CURVE('',#1038,#1039,#480,.T.);
#1267=EDGE_CURVE('',#1039,#1030,#481,.T.);
#1268=EDGE_CURVE('',#1040,#1040,#908,.T.);
#1269=EDGE_CURVE('',#988,#1041,#482,.T.);
#1270=EDGE_CURVE('',#1041,#920,#483,.T.);
#1271=EDGE_CURVE('',#982,#930,#484,.T.);
#1272=EDGE_CURVE('',#921,#1042,#485,.T.);
#1273=EDGE_CURVE('',#1042,#983,#486,.T.);
#1274=EDGE_CURVE('',#1012,#1043,#487,.T.);
#1275=EDGE_CURVE('',#1043,#1027,#909,.T.);
#1276=EDGE_CURVE('',#1026,#1044,#910,.T.);
#1277=EDGE_CURVE('',#1044,#1015,#488,.T.);
#1278=EDGE_CURVE('',#1044,#1045,#489,.T.);
#1279=EDGE_CURVE('',#1046,#1045,#490,.T.);
#1280=EDGE_CURVE('',#1047,#1046,#491,.T.);
#1281=EDGE_CURVE('',#1004,#1047,#492,.T.);
#1282=EDGE_CURVE('',#1048,#1005,#493,.T.);
#1283=EDGE_CURVE('',#1006,#1048,#494,.T.);
#1284=EDGE_CURVE('',#1007,#1049,#495,.T.);
#1285=EDGE_CURVE('',#1049,#1008,#496,.T.);
#1286=EDGE_CURVE('',#1011,#1050,#497,.T.);
#1287=EDGE_CURVE('',#1050,#1051,#498,.T.);
#1288=EDGE_CURVE('',#1051,#1052,#499,.T.);
#1289=EDGE_CURVE('',#1043,#1052,#500,.T.);
#1290=EDGE_CURVE('',#1053,#1054,#501,.T.);
#1291=EDGE_CURVE('',#1055,#1053,#502,.T.);
#1292=EDGE_CURVE('',#1056,#1055,#503,.T.);
#1293=EDGE_CURVE('',#1054,#1056,#504,.T.);
#1294=EDGE_CURVE('',#1057,#1058,#505,.T.);
#1295=EDGE_CURVE('',#1059,#1057,#506,.T.);
#1296=EDGE_CURVE('',#1060,#1059,#507,.T.);
#1297=EDGE_CURVE('',#1058,#1060,#508,.T.);
#1298=EDGE_CURVE('',#1061,#1062,#509,.T.);
#1299=EDGE_CURVE('',#1063,#1061,#510,.T.);
#1300=EDGE_CURVE('',#1064,#1063,#511,.T.);
#1301=EDGE_CURVE('',#1062,#1064,#512,.T.);
#1302=EDGE_CURVE('',#973,#1061,#513,.T.);
#1303=EDGE_CURVE('',#1063,#972,#514,.T.);
#1304=EDGE_CURVE('',#1065,#1062,#515,.T.);
#1305=EDGE_CURVE('',#974,#1065,#516,.T.);
#1306=EDGE_CURVE('',#969,#1060,#517,.T.);
#1307=EDGE_CURVE('',#1058,#968,#518,.T.);
#1308=EDGE_CURVE('',#1066,#1059,#519,.T.);
#1309=EDGE_CURVE('',#964,#1066,#520,.T.);
#1310=EDGE_CURVE('',#1052,#1056,#521,.T.);
#1311=EDGE_CURVE('',#1054,#1051,#522,.T.);
#1312=EDGE_CURVE('',#1067,#1055,#523,.T.);
#1313=EDGE_CURVE('',#1028,#1067,#524,.T.);
#1314=EDGE_CURVE('',#1065,#1068,#525,.T.);
#1315=EDGE_CURVE('',#1068,#1064,#526,.T.);
#1316=EDGE_CURVE('',#1066,#1069,#527,.T.);
#1317=EDGE_CURVE('',#1069,#1057,#528,.T.);
#1318=EDGE_CURVE('',#1067,#1070,#529,.T.);
#1319=EDGE_CURVE('',#1070,#1053,#530,.T.);
#1320=EDGE_CURVE('',#1029,#1068,#531,.T.);
#1321=EDGE_CURVE('',#1070,#1066,#532,.T.);
#1322=EDGE_CURVE('',#1069,#1065,#533,.T.);
#1323=EDGE_CURVE('',#1070,#1050,#534,.T.);
#1324=EDGE_CURVE('',#1069,#963,#535,.T.);
#1325=EDGE_CURVE('',#1071,#1072,#536,.T.);
#1326=EDGE_CURVE('',#1073,#1071,#537,.T.);
#1327=EDGE_CURVE('',#1074,#1073,#538,.T.);
#1328=EDGE_CURVE('',#1074,#1072,#539,.T.);
#1329=EDGE_CURVE('',#1075,#1076,#540,.T.);
#1330=EDGE_CURVE('',#1075,#1077,#541,.T.);
#1331=EDGE_CURVE('',#1078,#1077,#542,.T.);
#1332=EDGE_CURVE('',#1076,#1078,#543,.T.);
#1333=EDGE_CURVE('',#991,#1076,#544,.T.);
#1334=EDGE_CURVE('',#951,#990,#545,.T.);
#1335=EDGE_CURVE('',#951,#1075,#546,.T.);
#1336=EDGE_CURVE('',#943,#1077,#547,.T.);
#1337=EDGE_CURVE('',#992,#1078,#548,.T.);
#1338=EDGE_CURVE('',#1045,#1073,#549,.T.);
#1339=EDGE_CURVE('',#953,#1074,#550,.T.);
#1340=EDGE_CURVE('',#952,#1072,#551,.T.);
#1341=EDGE_CURVE('',#1047,#952,#552,.T.);
#1342=EDGE_CURVE('',#1046,#1071,#553,.T.);
#1343=EDGE_CURVE('',#1049,#1048,#554,.T.);
#1344=EDGE_CURVE('',#1008,#1005,#555,.T.);
#1345=EDGE_CURVE('',#1030,#1079,#556,.T.);
#1346=EDGE_CURVE('',#1080,#1079,#557,.T.);
#1347=EDGE_CURVE('',#1031,#1080,#558,.T.);
#1348=EDGE_CURVE('',#1081,#1082,#559,.T.);
#1349=EDGE_CURVE('',#1082,#1080,#560,.T.);
#1350=EDGE_CURVE('',#1079,#1081,#561,.T.);
#1351=EDGE_CURVE('',#1037,#1083,#562,.T.);
#1352=EDGE_CURVE('',#1084,#1083,#563,.F.);
#1353=EDGE_CURVE('',#1038,#1084,#564,.T.);
#1354=EDGE_CURVE('',#1085,#1086,#565,.F.);
#1355=EDGE_CURVE('',#1085,#1081,#566,.T.);
#1356=EDGE_CURVE('',#1030,#1086,#567,.T.);
#1357=EDGE_CURVE('',#1086,#1087,#568,.F.);
#1358=EDGE_CURVE('',#1039,#1087,#569,.T.);
#1359=EDGE_CURVE('',#1087,#1084,#570,.F.);
#1360=EDGE_CURVE('',#1034,#1088,#571,.T.);
#1361=EDGE_CURVE('',#1033,#1089,#572,.T.);
#1362=EDGE_CURVE('',#1088,#1089,#573,.F.);
#1363=EDGE_CURVE('',#1089,#1090,#574,.F.);
#1364=EDGE_CURVE('',#1032,#1090,#575,.T.);
#1365=EDGE_CURVE('',#1090,#1091,#576,.F.);
#1366=EDGE_CURVE('',#1031,#1091,#577,.T.);
#1367=EDGE_CURVE('',#1091,#1092,#578,.F.);
#1368=EDGE_CURVE('',#1082,#1092,#579,.T.);
#1369=EDGE_CURVE('',#1092,#1085,#580,.F.);
#1370=EDGE_CURVE('',#1088,#1083,#581,.T.);
#1371=EDGE_CURVE('',#1083,#1093,#582,.T.);
#1372=EDGE_CURVE('',#1094,#1093,#583,.T.);
#1373=EDGE_CURVE('',#1088,#1094,#584,.T.);
#1374=EDGE_CURVE('',#1095,#1094,#585,.T.);
#1375=EDGE_CURVE('',#1035,#1095,#586,.T.);
#1376=EDGE_CURVE('',#1093,#1096,#587,.T.);
#1377=EDGE_CURVE('',#1036,#1096,#588,.T.);
#1378=EDGE_CURVE('',#1096,#1095,#589,.T.);
#1379=EDGE_CURVE('',#1040,#1097,#590,.T.);
#1380=EDGE_CURVE('',#1097,#1097,#911,.T.);
#1381=EDGE_CURVE('',#924,#1098,#591,.T.);
#1382=EDGE_CURVE('',#987,#1098,#592,.T.);
#1383=EDGE_CURVE('',#925,#986,#593,.T.);
#1384=EDGE_CURVE('',#958,#934,#594,.T.);
#1385=EDGE_CURVE('',#980,#935,#595,.T.);
#1386=EDGE_CURVE('',#923,#1099,#596,.T.);
#1387=EDGE_CURVE('',#1098,#1099,#597,.T.);
#1388=EDGE_CURVE('',#979,#932,#598,.T.);
#1389=EDGE_CURVE('',#985,#922,#599,.F.);
#1390=EDGE_CURVE('',#1099,#984,#600,.T.);
#1391=EDGE_CURVE('',#959,#933,#601,.T.);
#1392=EDGE_CURVE('',#1042,#1041,#602,.T.);
#1393=EDGE_CURVE('',#1100,#1019,#603,.T.);
#1394=EDGE_CURVE('',#1101,#1100,#604,.T.);
#1395=EDGE_CURVE('',#1101,#1018,#605,.T.);
#1396=EDGE_CURVE('',#1102,#1025,#606,.T.);
#1397=EDGE_CURVE('',#1102,#1100,#912,.T.);
#1398=EDGE_CURVE('',#1103,#1024,#607,.T.);
#1399=EDGE_CURVE('',#1102,#1103,#608,.T.);
#1400=EDGE_CURVE('',#1104,#1023,#609,.T.);
#1401=EDGE_CURVE('',#1104,#1103,#913,.T.);
#1402=EDGE_CURVE('',#1105,#1022,#610,.T.);
#1403=EDGE_CURVE('',#1104,#1105,#611,.T.);
#1404=EDGE_CURVE('',#1106,#1021,#612,.T.);
#1405=EDGE_CURVE('',#1106,#1105,#914,.T.);
#1406=EDGE_CURVE('',#1107,#1020,#613,.T.);
#1407=EDGE_CURVE('',#1106,#1107,#614,.T.);
#1408=EDGE_CURVE('',#1101,#1107,#915,.T.);
#1409=ORIENTED_EDGE('',*,*,#1108,.T.);
#1410=ORIENTED_EDGE('',*,*,#1109,.T.);
#1411=ORIENTED_EDGE('',*,*,#1110,.T.);
#1412=ORIENTED_EDGE('',*,*,#1111,.T.);
#1413=ORIENTED_EDGE('',*,*,#1109,.F.);
#1414=ORIENTED_EDGE('',*,*,#1112,.F.);
#1415=ORIENTED_EDGE('',*,*,#1113,.T.);
#1416=ORIENTED_EDGE('',*,*,#1114,.F.);
#1417=ORIENTED_EDGE('',*,*,#1115,.T.);
#1418=ORIENTED_EDGE('',*,*,#1116,.T.);
#1419=ORIENTED_EDGE('',*,*,#1117,.T.);
#1420=ORIENTED_EDGE('',*,*,#1118,.T.);
#1421=ORIENTED_EDGE('',*,*,#1119,.T.);
#1422=ORIENTED_EDGE('',*,*,#1120,.T.);
#1423=ORIENTED_EDGE('',*,*,#1121,.T.);
#1424=ORIENTED_EDGE('',*,*,#1122,.T.);
#1425=ORIENTED_EDGE('',*,*,#1120,.F.);
#1426=ORIENTED_EDGE('',*,*,#1123,.F.);
#1427=ORIENTED_EDGE('',*,*,#1124,.T.);
#1428=ORIENTED_EDGE('',*,*,#1125,.F.);
#1429=ORIENTED_EDGE('',*,*,#1126,.T.);
#1430=ORIENTED_EDGE('',*,*,#1127,.T.);
#1431=ORIENTED_EDGE('',*,*,#1128,.T.);
#1432=ORIENTED_EDGE('',*,*,#1129,.T.);
#1433=ORIENTED_EDGE('',*,*,#1130,.T.);
#1434=ORIENTED_EDGE('',*,*,#1131,.T.);
#1435=ORIENTED_EDGE('',*,*,#1132,.T.);
#1436=ORIENTED_EDGE('',*,*,#1133,.F.);
#1437=ORIENTED_EDGE('',*,*,#1134,.T.);
#1438=ORIENTED_EDGE('',*,*,#1133,.T.);
#1439=ORIENTED_EDGE('',*,*,#1135,.T.);
#1440=ORIENTED_EDGE('',*,*,#1136,.T.);
#1441=ORIENTED_EDGE('',*,*,#1137,.T.);
#1442=ORIENTED_EDGE('',*,*,#1138,.T.);
#1443=ORIENTED_EDGE('',*,*,#1139,.F.);
#1444=ORIENTED_EDGE('',*,*,#1140,.F.);
#1445=ORIENTED_EDGE('',*,*,#1141,.F.);
#1446=ORIENTED_EDGE('',*,*,#1142,.F.);
#1447=ORIENTED_EDGE('',*,*,#1143,.F.);
#1448=ORIENTED_EDGE('',*,*,#1144,.F.);
#1449=ORIENTED_EDGE('',*,*,#1145,.F.);
#1450=ORIENTED_EDGE('',*,*,#1141,.T.);
#1451=ORIENTED_EDGE('',*,*,#1146,.F.);
#1452=ORIENTED_EDGE('',*,*,#1138,.F.);
#1453=ORIENTED_EDGE('',*,*,#1147,.T.);
#1454=ORIENTED_EDGE('',*,*,#1148,.F.);
#1455=ORIENTED_EDGE('',*,*,#1149,.T.);
#1456=ORIENTED_EDGE('',*,*,#1150,.F.);
#1457=ORIENTED_EDGE('',*,*,#1151,.F.);
#1458=ORIENTED_EDGE('',*,*,#1140,.T.);
#1459=ORIENTED_EDGE('',*,*,#1152,.T.);
#1460=ORIENTED_EDGE('',*,*,#1134,.F.);
#1461=ORIENTED_EDGE('',*,*,#1146,.T.);
#1462=ORIENTED_EDGE('',*,*,#1139,.T.);
#1463=ORIENTED_EDGE('',*,*,#1153,.F.);
#1464=ORIENTED_EDGE('',*,*,#1130,.F.);
#1465=ORIENTED_EDGE('',*,*,#1152,.F.);
#1466=ORIENTED_EDGE('',*,*,#1154,.T.);
#1467=ORIENTED_EDGE('',*,*,#1155,.T.);
#1468=ORIENTED_EDGE('',*,*,#1156,.T.);
#1469=ORIENTED_EDGE('',*,*,#1157,.T.);
#1470=ORIENTED_EDGE('',*,*,#1158,.F.);
#1471=ORIENTED_EDGE('',*,*,#1159,.T.);
#1472=ORIENTED_EDGE('',*,*,#1160,.T.);
#1473=ORIENTED_EDGE('',*,*,#1161,.T.);
#1474=ORIENTED_EDGE('',*,*,#1162,.F.);
#1475=ORIENTED_EDGE('',*,*,#1163,.T.);
#1476=ORIENTED_EDGE('',*,*,#1164,.T.);
#1477=ORIENTED_EDGE('',*,*,#1165,.T.);
#1478=ORIENTED_EDGE('',*,*,#1166,.T.);
#1479=ORIENTED_EDGE('',*,*,#1167,.F.);
#1480=ORIENTED_EDGE('',*,*,#1162,.T.);
#1481=ORIENTED_EDGE('',*,*,#1168,.T.);
#1482=ORIENTED_EDGE('',*,*,#1169,.T.);
#1483=ORIENTED_EDGE('',*,*,#1170,.F.);
#1484=ORIENTED_EDGE('',*,*,#1171,.T.);
#1485=ORIENTED_EDGE('',*,*,#1172,.F.);
#1486=ORIENTED_EDGE('',*,*,#1173,.T.);
#1487=ORIENTED_EDGE('',*,*,#1174,.T.);
#1488=ORIENTED_EDGE('',*,*,#1175,.F.);
#1489=ORIENTED_EDGE('',*,*,#1176,.T.);
#1490=ORIENTED_EDGE('',*,*,#1177,.T.);
#1491=ORIENTED_EDGE('',*,*,#1167,.T.);
#1492=ORIENTED_EDGE('',*,*,#1178,.F.);
#1493=ORIENTED_EDGE('',*,*,#1179,.T.);
#1494=ORIENTED_EDGE('',*,*,#1180,.T.);
#1495=ORIENTED_EDGE('',*,*,#1181,.T.);
#1496=ORIENTED_EDGE('',*,*,#1182,.T.);
#1497=ORIENTED_EDGE('',*,*,#1172,.T.);
#1498=ORIENTED_EDGE('',*,*,#1159,.F.);
#1499=ORIENTED_EDGE('',*,*,#1183,.T.);
#1500=ORIENTED_EDGE('',*,*,#1184,.T.);
#1501=ORIENTED_EDGE('',*,*,#1185,.T.);
#1502=ORIENTED_EDGE('',*,*,#1155,.F.);
#1503=ORIENTED_EDGE('',*,*,#1186,.F.);
#1504=ORIENTED_EDGE('',*,*,#1187,.T.);
#1505=ORIENTED_EDGE('',*,*,#1188,.F.);
#1506=ORIENTED_EDGE('',*,*,#1136,.F.);
#1507=ORIENTED_EDGE('',*,*,#1189,.F.);
#1508=ORIENTED_EDGE('',*,*,#1190,.T.);
#1509=ORIENTED_EDGE('',*,*,#1191,.T.);
#1510=ORIENTED_EDGE('',*,*,#1192,.F.);
#1511=ORIENTED_EDGE('',*,*,#1193,.F.);
#1512=ORIENTED_EDGE('',*,*,#1194,.T.);
#1513=ORIENTED_EDGE('',*,*,#1195,.F.);
#1514=ORIENTED_EDGE('',*,*,#1196,.F.);
#1515=ORIENTED_EDGE('',*,*,#1197,.F.);
#1516=ORIENTED_EDGE('',*,*,#1197,.T.);
#1517=ORIENTED_EDGE('',*,*,#1198,.T.);
#1518=ORIENTED_EDGE('',*,*,#1199,.F.);
#1519=ORIENTED_EDGE('',*,*,#1200,.F.);
#1520=ORIENTED_EDGE('',*,*,#1201,.T.);
#1521=ORIENTED_EDGE('',*,*,#1202,.F.);
#1522=ORIENTED_EDGE('',*,*,#1203,.T.);
#1523=ORIENTED_EDGE('',*,*,#1204,.F.);
#1524=ORIENTED_EDGE('',*,*,#1144,.T.);
#1525=ORIENTED_EDGE('',*,*,#1205,.F.);
#1526=ORIENTED_EDGE('',*,*,#1206,.T.);
#1527=ORIENTED_EDGE('',*,*,#1135,.F.);
#1528=ORIENTED_EDGE('',*,*,#1132,.F.);
#1529=ORIENTED_EDGE('',*,*,#1207,.F.);
#1530=ORIENTED_EDGE('',*,*,#1208,.T.);
#1531=ORIENTED_EDGE('',*,*,#1209,.T.);
#1532=ORIENTED_EDGE('',*,*,#1210,.F.);
#1533=ORIENTED_EDGE('',*,*,#1202,.T.);
#1534=ORIENTED_EDGE('',*,*,#1143,.T.);
#1535=ORIENTED_EDGE('',*,*,#1211,.T.);
#1536=ORIENTED_EDGE('',*,*,#1212,.T.);
#1537=ORIENTED_EDGE('',*,*,#1205,.T.);
#1538=ORIENTED_EDGE('',*,*,#1213,.T.);
#1539=ORIENTED_EDGE('',*,*,#1214,.T.);
#1540=ORIENTED_EDGE('',*,*,#1215,.T.);
#1541=ORIENTED_EDGE('',*,*,#1216,.T.);
#1542=ORIENTED_EDGE('',*,*,#1214,.F.);
#1543=ORIENTED_EDGE('',*,*,#1217,.T.);
#1544=ORIENTED_EDGE('',*,*,#1218,.F.);
#1545=ORIENTED_EDGE('',*,*,#1219,.T.);
#1546=ORIENTED_EDGE('',*,*,#1213,.F.);
#1547=ORIENTED_EDGE('',*,*,#1220,.F.);
#1548=ORIENTED_EDGE('',*,*,#1221,.F.);
#1549=ORIENTED_EDGE('',*,*,#1222,.T.);
#1550=ORIENTED_EDGE('',*,*,#1223,.F.);
#1551=ORIENTED_EDGE('',*,*,#1224,.T.);
#1552=ORIENTED_EDGE('',*,*,#1225,.F.);
#1553=ORIENTED_EDGE('',*,*,#1226,.F.);
#1554=ORIENTED_EDGE('',*,*,#1227,.F.);
#1555=ORIENTED_EDGE('',*,*,#1228,.T.);
#1556=ORIENTED_EDGE('',*,*,#1229,.F.);
#1557=ORIENTED_EDGE('',*,*,#1230,.T.);
#1558=ORIENTED_EDGE('',*,*,#1231,.F.);
#1559=ORIENTED_EDGE('',*,*,#1217,.F.);
#1560=ORIENTED_EDGE('',*,*,#1232,.T.);
#1561=ORIENTED_EDGE('',*,*,#1233,.T.);
#1562=ORIENTED_EDGE('',*,*,#1225,.T.);
#1563=ORIENTED_EDGE('',*,*,#1234,.T.);
#1564=ORIENTED_EDGE('',*,*,#1233,.F.);
#1565=ORIENTED_EDGE('',*,*,#1235,.T.);
#1566=ORIENTED_EDGE('',*,*,#1236,.T.);
#1567=ORIENTED_EDGE('',*,*,#1226,.T.);
#1568=ORIENTED_EDGE('',*,*,#1215,.F.);
#1569=ORIENTED_EDGE('',*,*,#1219,.F.);
#1570=ORIENTED_EDGE('',*,*,#1203,.F.);
#1571=ORIENTED_EDGE('',*,*,#1210,.T.);
#1572=ORIENTED_EDGE('',*,*,#1237,.F.);
#1573=ORIENTED_EDGE('',*,*,#1178,.T.);
#1574=ORIENTED_EDGE('',*,*,#1166,.F.);
#1575=ORIENTED_EDGE('',*,*,#1235,.F.);
#1576=ORIENTED_EDGE('',*,*,#1232,.F.);
#1577=ORIENTED_EDGE('',*,*,#1238,.T.);
#1578=ORIENTED_EDGE('',*,*,#1177,.F.);
#1579=ORIENTED_EDGE('',*,*,#1239,.F.);
#1580=ORIENTED_EDGE('',*,*,#1121,.F.);
#1581=ORIENTED_EDGE('',*,*,#1125,.T.);
#1582=ORIENTED_EDGE('',*,*,#1240,.T.);
#1583=ORIENTED_EDGE('',*,*,#1186,.T.);
#1584=ORIENTED_EDGE('',*,*,#1154,.F.);
#1585=ORIENTED_EDGE('',*,*,#1164,.F.);
#1586=ORIENTED_EDGE('',*,*,#1241,.F.);
#1587=ORIENTED_EDGE('',*,*,#1242,.F.);
#1588=ORIENTED_EDGE('',*,*,#1243,.F.);
#1589=ORIENTED_EDGE('',*,*,#1244,.F.);
#1590=ORIENTED_EDGE('',*,*,#1245,.F.);
#1591=ORIENTED_EDGE('',*,*,#1246,.F.);
#1592=ORIENTED_EDGE('',*,*,#1247,.F.);
#1593=ORIENTED_EDGE('',*,*,#1248,.F.);
#1594=ORIENTED_EDGE('',*,*,#1249,.T.);
#1595=ORIENTED_EDGE('',*,*,#1211,.F.);
#1596=ORIENTED_EDGE('',*,*,#1142,.T.);
#1597=ORIENTED_EDGE('',*,*,#1151,.T.);
#1598=ORIENTED_EDGE('',*,*,#1250,.T.);
#1599=ORIENTED_EDGE('',*,*,#1251,.F.);
#1600=ORIENTED_EDGE('',*,*,#1229,.T.);
#1601=ORIENTED_EDGE('',*,*,#1252,.F.);
#1602=ORIENTED_EDGE('',*,*,#1253,.T.);
#1603=ORIENTED_EDGE('',*,*,#1254,.T.);
#1604=ORIENTED_EDGE('',*,*,#1255,.T.);
#1605=ORIENTED_EDGE('',*,*,#1181,.F.);
#1606=ORIENTED_EDGE('',*,*,#1256,.T.);
#1607=ORIENTED_EDGE('',*,*,#1122,.F.);
#1608=ORIENTED_EDGE('',*,*,#1239,.T.);
#1609=ORIENTED_EDGE('',*,*,#1179,.F.);
#1610=ORIENTED_EDGE('',*,*,#1237,.T.);
#1611=ORIENTED_EDGE('',*,*,#1209,.F.);
#1612=ORIENTED_EDGE('',*,*,#1257,.T.);
#1613=ORIENTED_EDGE('',*,*,#1111,.F.);
#1614=ORIENTED_EDGE('',*,*,#1258,.T.);
#1615=ORIENTED_EDGE('',*,*,#1259,.T.);
#1616=ORIENTED_EDGE('',*,*,#1260,.T.);
#1617=ORIENTED_EDGE('',*,*,#1261,.T.);
#1618=ORIENTED_EDGE('',*,*,#1262,.T.);
#1619=ORIENTED_EDGE('',*,*,#1263,.T.);
#1620=ORIENTED_EDGE('',*,*,#1264,.T.);
#1621=ORIENTED_EDGE('',*,*,#1265,.T.);
#1622=ORIENTED_EDGE('',*,*,#1266,.T.);
#1623=ORIENTED_EDGE('',*,*,#1267,.T.);
#1624=ORIENTED_EDGE('',*,*,#1268,.T.);
#1625=ORIENTED_EDGE('',*,*,#1208,.F.);
#1626=ORIENTED_EDGE('',*,*,#1201,.F.);
#1627=ORIENTED_EDGE('',*,*,#1195,.T.);
#1628=ORIENTED_EDGE('',*,*,#1269,.T.);
#1629=ORIENTED_EDGE('',*,*,#1270,.T.);
#1630=ORIENTED_EDGE('',*,*,#1112,.T.);
#1631=ORIENTED_EDGE('',*,*,#1108,.F.);
#1632=ORIENTED_EDGE('',*,*,#1257,.F.);
#1633=ORIENTED_EDGE('',*,*,#1180,.F.);
#1634=ORIENTED_EDGE('',*,*,#1171,.F.);
#1635=ORIENTED_EDGE('',*,*,#1160,.F.);
#1636=ORIENTED_EDGE('',*,*,#1188,.T.);
#1637=ORIENTED_EDGE('',*,*,#1271,.T.);
#1638=ORIENTED_EDGE('',*,*,#1123,.T.);
#1639=ORIENTED_EDGE('',*,*,#1119,.F.);
#1640=ORIENTED_EDGE('',*,*,#1256,.F.);
#1641=ORIENTED_EDGE('',*,*,#1212,.F.);
#1642=ORIENTED_EDGE('',*,*,#1249,.F.);
#1643=ORIENTED_EDGE('',*,*,#1110,.F.);
#1644=ORIENTED_EDGE('',*,*,#1114,.T.);
#1645=ORIENTED_EDGE('',*,*,#1272,.T.);
#1646=ORIENTED_EDGE('',*,*,#1273,.T.);
#1647=ORIENTED_EDGE('',*,*,#1189,.T.);
#1648=ORIENTED_EDGE('',*,*,#1206,.F.);
#1649=ORIENTED_EDGE('',*,*,#1228,.F.);
#1650=ORIENTED_EDGE('',*,*,#1274,.T.);
#1651=ORIENTED_EDGE('',*,*,#1275,.T.);
#1652=ORIENTED_EDGE('',*,*,#1252,.T.);
#1653=ORIENTED_EDGE('',*,*,#1230,.F.);
#1654=ORIENTED_EDGE('',*,*,#1251,.T.);
#1655=ORIENTED_EDGE('',*,*,#1276,.T.);
#1656=ORIENTED_EDGE('',*,*,#1277,.T.);
#1657=ORIENTED_EDGE('',*,*,#1277,.F.);
#1658=ORIENTED_EDGE('',*,*,#1278,.T.);
#1659=ORIENTED_EDGE('',*,*,#1279,.F.);
#1660=ORIENTED_EDGE('',*,*,#1280,.F.);
#1661=ORIENTED_EDGE('',*,*,#1281,.F.);
#1662=ORIENTED_EDGE('',*,*,#1231,.T.);
#1663=ORIENTED_EDGE('',*,*,#1221,.T.);
#1664=ORIENTED_EDGE('',*,*,#1282,.F.);
#1665=ORIENTED_EDGE('',*,*,#1283,.F.);
#1666=ORIENTED_EDGE('',*,*,#1223,.T.);
#1667=ORIENTED_EDGE('',*,*,#1284,.T.);
#1668=ORIENTED_EDGE('',*,*,#1285,.T.);
#1669=ORIENTED_EDGE('',*,*,#1274,.F.);
#1670=ORIENTED_EDGE('',*,*,#1227,.T.);
#1671=ORIENTED_EDGE('',*,*,#1286,.T.);
#1672=ORIENTED_EDGE('',*,*,#1287,.T.);
#1673=ORIENTED_EDGE('',*,*,#1288,.T.);
#1674=ORIENTED_EDGE('',*,*,#1289,.F.);
#1675=ORIENTED_EDGE('',*,*,#1290,.F.);
#1676=ORIENTED_EDGE('',*,*,#1291,.F.);
#1677=ORIENTED_EDGE('',*,*,#1292,.F.);
#1678=ORIENTED_EDGE('',*,*,#1293,.F.);
#1679=ORIENTED_EDGE('',*,*,#1294,.F.);
#1680=ORIENTED_EDGE('',*,*,#1295,.F.);
#1681=ORIENTED_EDGE('',*,*,#1296,.F.);
#1682=ORIENTED_EDGE('',*,*,#1297,.F.);
#1683=ORIENTED_EDGE('',*,*,#1298,.F.);
#1684=ORIENTED_EDGE('',*,*,#1299,.F.);
#1685=ORIENTED_EDGE('',*,*,#1300,.F.);
#1686=ORIENTED_EDGE('',*,*,#1301,.F.);
#1687=ORIENTED_EDGE('',*,*,#1299,.T.);
#1688=ORIENTED_EDGE('',*,*,#1302,.F.);
#1689=ORIENTED_EDGE('',*,*,#1174,.F.);
#1690=ORIENTED_EDGE('',*,*,#1303,.F.);
#1691=ORIENTED_EDGE('',*,*,#1298,.T.);
#1692=ORIENTED_EDGE('',*,*,#1304,.F.);
#1693=ORIENTED_EDGE('',*,*,#1305,.F.);
#1694=ORIENTED_EDGE('',*,*,#1175,.T.);
#1695=ORIENTED_EDGE('',*,*,#1302,.T.);
#1696=ORIENTED_EDGE('',*,*,#1297,.T.);
#1697=ORIENTED_EDGE('',*,*,#1306,.F.);
#1698=ORIENTED_EDGE('',*,*,#1169,.F.);
#1699=ORIENTED_EDGE('',*,*,#1307,.F.);
#1700=ORIENTED_EDGE('',*,*,#1296,.T.);
#1701=ORIENTED_EDGE('',*,*,#1308,.F.);
#1702=ORIENTED_EDGE('',*,*,#1309,.F.);
#1703=ORIENTED_EDGE('',*,*,#1170,.T.);
#1704=ORIENTED_EDGE('',*,*,#1306,.T.);
#1705=ORIENTED_EDGE('',*,*,#1293,.T.);
#1706=ORIENTED_EDGE('',*,*,#1310,.F.);
#1707=ORIENTED_EDGE('',*,*,#1288,.F.);
#1708=ORIENTED_EDGE('',*,*,#1311,.F.);
#1709=ORIENTED_EDGE('',*,*,#1292,.T.);
#1710=ORIENTED_EDGE('',*,*,#1312,.F.);
#1711=ORIENTED_EDGE('',*,*,#1313,.F.);
#1712=ORIENTED_EDGE('',*,*,#1253,.F.);
#1713=ORIENTED_EDGE('',*,*,#1275,.F.);
#1714=ORIENTED_EDGE('',*,*,#1289,.T.);
#1715=ORIENTED_EDGE('',*,*,#1310,.T.);
#1716=ORIENTED_EDGE('',*,*,#1314,.F.);
#1717=ORIENTED_EDGE('',*,*,#1304,.T.);
#1718=ORIENTED_EDGE('',*,*,#1301,.T.);
#1719=ORIENTED_EDGE('',*,*,#1315,.F.);
#1720=ORIENTED_EDGE('',*,*,#1316,.F.);
#1721=ORIENTED_EDGE('',*,*,#1308,.T.);
#1722=ORIENTED_EDGE('',*,*,#1295,.T.);
#1723=ORIENTED_EDGE('',*,*,#1317,.F.);
#1724=ORIENTED_EDGE('',*,*,#1318,.F.);
#1725=ORIENTED_EDGE('',*,*,#1312,.T.);
#1726=ORIENTED_EDGE('',*,*,#1291,.T.);
#1727=ORIENTED_EDGE('',*,*,#1319,.F.);
#1728=ORIENTED_EDGE('',*,*,#1314,.T.);
#1729=ORIENTED_EDGE('',*,*,#1320,.F.);
#1730=ORIENTED_EDGE('',*,*,#1254,.F.);
#1731=ORIENTED_EDGE('',*,*,#1313,.T.);
#1732=ORIENTED_EDGE('',*,*,#1318,.T.);
#1733=ORIENTED_EDGE('',*,*,#1321,.T.);
#1734=ORIENTED_EDGE('',*,*,#1316,.T.);
#1735=ORIENTED_EDGE('',*,*,#1322,.T.);
#1736=ORIENTED_EDGE('',*,*,#1290,.T.);
#1737=ORIENTED_EDGE('',*,*,#1311,.T.);
#1738=ORIENTED_EDGE('',*,*,#1287,.F.);
#1739=ORIENTED_EDGE('',*,*,#1323,.F.);
#1740=ORIENTED_EDGE('',*,*,#1319,.T.);
#1741=ORIENTED_EDGE('',*,*,#1294,.T.);
#1742=ORIENTED_EDGE('',*,*,#1307,.T.);
#1743=ORIENTED_EDGE('',*,*,#1168,.F.);
#1744=ORIENTED_EDGE('',*,*,#1324,.F.);
#1745=ORIENTED_EDGE('',*,*,#1317,.T.);
#1746=ORIENTED_EDGE('',*,*,#1323,.T.);
#1747=ORIENTED_EDGE('',*,*,#1286,.F.);
#1748=ORIENTED_EDGE('',*,*,#1236,.F.);
#1749=ORIENTED_EDGE('',*,*,#1165,.F.);
#1750=ORIENTED_EDGE('',*,*,#1163,.F.);
#1751=ORIENTED_EDGE('',*,*,#1309,.T.);
#1752=ORIENTED_EDGE('',*,*,#1321,.F.);
#1753=ORIENTED_EDGE('',*,*,#1324,.T.);
#1754=ORIENTED_EDGE('',*,*,#1161,.F.);
#1755=ORIENTED_EDGE('',*,*,#1176,.F.);
#1756=ORIENTED_EDGE('',*,*,#1305,.T.);
#1757=ORIENTED_EDGE('',*,*,#1322,.F.);
#1758=ORIENTED_EDGE('',*,*,#1300,.T.);
#1759=ORIENTED_EDGE('',*,*,#1303,.T.);
#1760=ORIENTED_EDGE('',*,*,#1173,.F.);
#1761=ORIENTED_EDGE('',*,*,#1182,.F.);
#1762=ORIENTED_EDGE('',*,*,#1255,.F.);
#1763=ORIENTED_EDGE('',*,*,#1320,.T.);
#1764=ORIENTED_EDGE('',*,*,#1315,.T.);
#1765=ORIENTED_EDGE('',*,*,#1325,.F.);
#1766=ORIENTED_EDGE('',*,*,#1326,.F.);
#1767=ORIENTED_EDGE('',*,*,#1327,.F.);
#1768=ORIENTED_EDGE('',*,*,#1328,.T.);
#1769=ORIENTED_EDGE('',*,*,#1329,.F.);
#1770=ORIENTED_EDGE('',*,*,#1330,.T.);
#1771=ORIENTED_EDGE('',*,*,#1331,.F.);
#1772=ORIENTED_EDGE('',*,*,#1332,.F.);
#1773=ORIENTED_EDGE('',*,*,#1329,.T.);
#1774=ORIENTED_EDGE('',*,*,#1333,.F.);
#1775=ORIENTED_EDGE('',*,*,#1198,.F.);
#1776=ORIENTED_EDGE('',*,*,#1334,.F.);
#1777=ORIENTED_EDGE('',*,*,#1335,.T.);
#1778=ORIENTED_EDGE('',*,*,#1331,.T.);
#1779=ORIENTED_EDGE('',*,*,#1336,.F.);
#1780=ORIENTED_EDGE('',*,*,#1137,.F.);
#1781=ORIENTED_EDGE('',*,*,#1200,.T.);
#1782=ORIENTED_EDGE('',*,*,#1337,.T.);
#1783=ORIENTED_EDGE('',*,*,#1327,.T.);
#1784=ORIENTED_EDGE('',*,*,#1338,.F.);
#1785=ORIENTED_EDGE('',*,*,#1278,.F.);
#1786=ORIENTED_EDGE('',*,*,#1276,.F.);
#1787=ORIENTED_EDGE('',*,*,#1250,.F.);
#1788=ORIENTED_EDGE('',*,*,#1150,.T.);
#1789=ORIENTED_EDGE('',*,*,#1339,.T.);
#1790=ORIENTED_EDGE('',*,*,#1325,.T.);
#1791=ORIENTED_EDGE('',*,*,#1340,.F.);
#1792=ORIENTED_EDGE('',*,*,#1341,.F.);
#1793=ORIENTED_EDGE('',*,*,#1280,.T.);
#1794=ORIENTED_EDGE('',*,*,#1342,.T.);
#1795=ORIENTED_EDGE('',*,*,#1147,.F.);
#1796=ORIENTED_EDGE('',*,*,#1336,.T.);
#1797=ORIENTED_EDGE('',*,*,#1330,.F.);
#1798=ORIENTED_EDGE('',*,*,#1335,.F.);
#1799=ORIENTED_EDGE('',*,*,#1149,.F.);
#1800=ORIENTED_EDGE('',*,*,#1340,.T.);
#1801=ORIENTED_EDGE('',*,*,#1328,.F.);
#1802=ORIENTED_EDGE('',*,*,#1339,.F.);
#1803=ORIENTED_EDGE('',*,*,#1326,.T.);
#1804=ORIENTED_EDGE('',*,*,#1342,.F.);
#1805=ORIENTED_EDGE('',*,*,#1279,.T.);
#1806=ORIENTED_EDGE('',*,*,#1338,.T.);
#1807=ORIENTED_EDGE('',*,*,#1341,.T.);
#1808=ORIENTED_EDGE('',*,*,#1148,.T.);
#1809=ORIENTED_EDGE('',*,*,#1334,.T.);
#1810=ORIENTED_EDGE('',*,*,#1196,.T.);
#1811=ORIENTED_EDGE('',*,*,#1204,.T.);
#1812=ORIENTED_EDGE('',*,*,#1218,.T.);
#1813=ORIENTED_EDGE('',*,*,#1281,.T.);
#1814=ORIENTED_EDGE('',*,*,#1332,.T.);
#1815=ORIENTED_EDGE('',*,*,#1337,.F.);
#1816=ORIENTED_EDGE('',*,*,#1199,.T.);
#1817=ORIENTED_EDGE('',*,*,#1333,.T.);
#1818=ORIENTED_EDGE('',*,*,#1145,.T.);
#1819=ORIENTED_EDGE('',*,*,#1207,.T.);
#1820=ORIENTED_EDGE('',*,*,#1131,.F.);
#1821=ORIENTED_EDGE('',*,*,#1153,.T.);
#1822=ORIENTED_EDGE('',*,*,#1283,.T.);
#1823=ORIENTED_EDGE('',*,*,#1343,.F.);
#1824=ORIENTED_EDGE('',*,*,#1284,.F.);
#1825=ORIENTED_EDGE('',*,*,#1222,.F.);
#1826=ORIENTED_EDGE('',*,*,#1282,.T.);
#1827=ORIENTED_EDGE('',*,*,#1344,.F.);
#1828=ORIENTED_EDGE('',*,*,#1285,.F.);
#1829=ORIENTED_EDGE('',*,*,#1343,.T.);
#1830=ORIENTED_EDGE('',*,*,#1216,.F.);
#1831=ORIENTED_EDGE('',*,*,#1238,.F.);
#1832=ORIENTED_EDGE('',*,*,#1234,.F.);
#1833=ORIENTED_EDGE('',*,*,#1224,.F.);
#1834=ORIENTED_EDGE('',*,*,#1344,.T.);
#1835=ORIENTED_EDGE('',*,*,#1220,.T.);
#1836=ORIENTED_EDGE('',*,*,#1258,.F.);
#1837=ORIENTED_EDGE('',*,*,#1345,.T.);
#1838=ORIENTED_EDGE('',*,*,#1346,.F.);
#1839=ORIENTED_EDGE('',*,*,#1347,.F.);
#1840=ORIENTED_EDGE('',*,*,#1348,.T.);
#1841=ORIENTED_EDGE('',*,*,#1349,.T.);
#1842=ORIENTED_EDGE('',*,*,#1346,.T.);
#1843=ORIENTED_EDGE('',*,*,#1350,.T.);
#1844=ORIENTED_EDGE('',*,*,#1351,.T.);
#1845=ORIENTED_EDGE('',*,*,#1352,.F.);
#1846=ORIENTED_EDGE('',*,*,#1353,.F.);
#1847=ORIENTED_EDGE('',*,*,#1265,.F.);
#1848=ORIENTED_EDGE('',*,*,#1354,.F.);
#1849=ORIENTED_EDGE('',*,*,#1355,.T.);
#1850=ORIENTED_EDGE('',*,*,#1350,.F.);
#1851=ORIENTED_EDGE('',*,*,#1345,.F.);
#1852=ORIENTED_EDGE('',*,*,#1356,.T.);
#1853=ORIENTED_EDGE('',*,*,#1357,.F.);
#1854=ORIENTED_EDGE('',*,*,#1356,.F.);
#1855=ORIENTED_EDGE('',*,*,#1267,.F.);
#1856=ORIENTED_EDGE('',*,*,#1358,.T.);
#1857=ORIENTED_EDGE('',*,*,#1359,.F.);
#1858=ORIENTED_EDGE('',*,*,#1358,.F.);
#1859=ORIENTED_EDGE('',*,*,#1266,.F.);
#1860=ORIENTED_EDGE('',*,*,#1353,.T.);
#1861=ORIENTED_EDGE('',*,*,#1360,.F.);
#1862=ORIENTED_EDGE('',*,*,#1261,.F.);
#1863=ORIENTED_EDGE('',*,*,#1361,.T.);
#1864=ORIENTED_EDGE('',*,*,#1362,.F.);
#1865=ORIENTED_EDGE('',*,*,#1363,.F.);
#1866=ORIENTED_EDGE('',*,*,#1361,.F.);
#1867=ORIENTED_EDGE('',*,*,#1260,.F.);
#1868=ORIENTED_EDGE('',*,*,#1364,.T.);
#1869=ORIENTED_EDGE('',*,*,#1365,.F.);
#1870=ORIENTED_EDGE('',*,*,#1364,.F.);
#1871=ORIENTED_EDGE('',*,*,#1259,.F.);
#1872=ORIENTED_EDGE('',*,*,#1366,.T.);
#1873=ORIENTED_EDGE('',*,*,#1367,.F.);
#1874=ORIENTED_EDGE('',*,*,#1366,.F.);
#1875=ORIENTED_EDGE('',*,*,#1347,.T.);
#1876=ORIENTED_EDGE('',*,*,#1349,.F.);
#1877=ORIENTED_EDGE('',*,*,#1368,.T.);
#1878=ORIENTED_EDGE('',*,*,#1369,.F.);
#1879=ORIENTED_EDGE('',*,*,#1368,.F.);
#1880=ORIENTED_EDGE('',*,*,#1348,.F.);
#1881=ORIENTED_EDGE('',*,*,#1355,.F.);
#1882=ORIENTED_EDGE('',*,*,#1363,.T.);
#1883=ORIENTED_EDGE('',*,*,#1365,.T.);
#1884=ORIENTED_EDGE('',*,*,#1367,.T.);
#1885=ORIENTED_EDGE('',*,*,#1369,.T.);
#1886=ORIENTED_EDGE('',*,*,#1354,.T.);
#1887=ORIENTED_EDGE('',*,*,#1357,.T.);
#1888=ORIENTED_EDGE('',*,*,#1359,.T.);
#1889=ORIENTED_EDGE('',*,*,#1352,.T.);
#1890=ORIENTED_EDGE('',*,*,#1370,.F.);
#1891=ORIENTED_EDGE('',*,*,#1362,.T.);
#1892=ORIENTED_EDGE('',*,*,#1370,.T.);
#1893=ORIENTED_EDGE('',*,*,#1371,.T.);
#1894=ORIENTED_EDGE('',*,*,#1372,.F.);
#1895=ORIENTED_EDGE('',*,*,#1373,.F.);
#1896=ORIENTED_EDGE('',*,*,#1374,.F.);
#1897=ORIENTED_EDGE('',*,*,#1375,.F.);
#1898=ORIENTED_EDGE('',*,*,#1262,.F.);
#1899=ORIENTED_EDGE('',*,*,#1360,.T.);
#1900=ORIENTED_EDGE('',*,*,#1373,.T.);
#1901=ORIENTED_EDGE('',*,*,#1376,.F.);
#1902=ORIENTED_EDGE('',*,*,#1371,.F.);
#1903=ORIENTED_EDGE('',*,*,#1351,.F.);
#1904=ORIENTED_EDGE('',*,*,#1264,.F.);
#1905=ORIENTED_EDGE('',*,*,#1377,.T.);
#1906=ORIENTED_EDGE('',*,*,#1378,.F.);
#1907=ORIENTED_EDGE('',*,*,#1377,.F.);
#1908=ORIENTED_EDGE('',*,*,#1263,.F.);
#1909=ORIENTED_EDGE('',*,*,#1375,.T.);
#1910=ORIENTED_EDGE('',*,*,#1268,.F.);
#1911=ORIENTED_EDGE('',*,*,#1379,.T.);
#1912=ORIENTED_EDGE('',*,*,#1380,.F.);
#1913=ORIENTED_EDGE('',*,*,#1379,.F.);
#1914=ORIENTED_EDGE('',*,*,#1117,.F.);
#1915=ORIENTED_EDGE('',*,*,#1381,.T.);
#1916=ORIENTED_EDGE('',*,*,#1382,.F.);
#1917=ORIENTED_EDGE('',*,*,#1193,.T.);
#1918=ORIENTED_EDGE('',*,*,#1383,.F.);
#1919=ORIENTED_EDGE('',*,*,#1128,.F.);
#1920=ORIENTED_EDGE('',*,*,#1384,.F.);
#1921=ORIENTED_EDGE('',*,*,#1156,.F.);
#1922=ORIENTED_EDGE('',*,*,#1185,.F.);
#1923=ORIENTED_EDGE('',*,*,#1385,.T.);
#1924=ORIENTED_EDGE('',*,*,#1116,.F.);
#1925=ORIENTED_EDGE('',*,*,#1386,.T.);
#1926=ORIENTED_EDGE('',*,*,#1387,.F.);
#1927=ORIENTED_EDGE('',*,*,#1381,.F.);
#1928=ORIENTED_EDGE('',*,*,#1129,.F.);
#1929=ORIENTED_EDGE('',*,*,#1385,.F.);
#1930=ORIENTED_EDGE('',*,*,#1184,.F.);
#1931=ORIENTED_EDGE('',*,*,#1388,.T.);
#1932=ORIENTED_EDGE('',*,*,#1118,.F.);
#1933=ORIENTED_EDGE('',*,*,#1383,.T.);
#1934=ORIENTED_EDGE('',*,*,#1192,.T.);
#1935=ORIENTED_EDGE('',*,*,#1389,.T.);
#1936=ORIENTED_EDGE('',*,*,#1115,.F.);
#1937=ORIENTED_EDGE('',*,*,#1389,.F.);
#1938=ORIENTED_EDGE('',*,*,#1191,.F.);
#1939=ORIENTED_EDGE('',*,*,#1390,.F.);
#1940=ORIENTED_EDGE('',*,*,#1386,.F.);
#1941=ORIENTED_EDGE('',*,*,#1126,.F.);
#1942=ORIENTED_EDGE('',*,*,#1388,.F.);
#1943=ORIENTED_EDGE('',*,*,#1183,.F.);
#1944=ORIENTED_EDGE('',*,*,#1158,.T.);
#1945=ORIENTED_EDGE('',*,*,#1391,.T.);
#1946=ORIENTED_EDGE('',*,*,#1127,.F.);
#1947=ORIENTED_EDGE('',*,*,#1391,.F.);
#1948=ORIENTED_EDGE('',*,*,#1157,.F.);
#1949=ORIENTED_EDGE('',*,*,#1384,.T.);
#1950=ORIENTED_EDGE('',*,*,#1187,.F.);
#1951=ORIENTED_EDGE('',*,*,#1240,.F.);
#1952=ORIENTED_EDGE('',*,*,#1124,.F.);
#1953=ORIENTED_EDGE('',*,*,#1271,.F.);
#1954=ORIENTED_EDGE('',*,*,#1190,.F.);
#1955=ORIENTED_EDGE('',*,*,#1273,.F.);
#1956=ORIENTED_EDGE('',*,*,#1392,.T.);
#1957=ORIENTED_EDGE('',*,*,#1269,.F.);
#1958=ORIENTED_EDGE('',*,*,#1194,.F.);
#1959=ORIENTED_EDGE('',*,*,#1382,.T.);
#1960=ORIENTED_EDGE('',*,*,#1387,.T.);
#1961=ORIENTED_EDGE('',*,*,#1390,.T.);
#1962=ORIENTED_EDGE('',*,*,#1113,.F.);
#1963=ORIENTED_EDGE('',*,*,#1270,.F.);
#1964=ORIENTED_EDGE('',*,*,#1392,.F.);
#1965=ORIENTED_EDGE('',*,*,#1272,.F.);
#1966=ORIENTED_EDGE('',*,*,#1241,.T.);
#1967=ORIENTED_EDGE('',*,*,#1393,.F.);
#1968=ORIENTED_EDGE('',*,*,#1394,.F.);
#1969=ORIENTED_EDGE('',*,*,#1395,.T.);
#1970=ORIENTED_EDGE('',*,*,#1248,.T.);
#1971=ORIENTED_EDGE('',*,*,#1396,.F.);
#1972=ORIENTED_EDGE('',*,*,#1397,.T.);
#1973=ORIENTED_EDGE('',*,*,#1393,.T.);
#1974=ORIENTED_EDGE('',*,*,#1247,.T.);
#1975=ORIENTED_EDGE('',*,*,#1398,.F.);
#1976=ORIENTED_EDGE('',*,*,#1399,.F.);
#1977=ORIENTED_EDGE('',*,*,#1396,.T.);
#1978=ORIENTED_EDGE('',*,*,#1246,.T.);
#1979=ORIENTED_EDGE('',*,*,#1400,.F.);
#1980=ORIENTED_EDGE('',*,*,#1401,.T.);
#1981=ORIENTED_EDGE('',*,*,#1398,.T.);
#1982=ORIENTED_EDGE('',*,*,#1245,.T.);
#1983=ORIENTED_EDGE('',*,*,#1402,.F.);
#1984=ORIENTED_EDGE('',*,*,#1403,.F.);
#1985=ORIENTED_EDGE('',*,*,#1400,.T.);
#1986=ORIENTED_EDGE('',*,*,#1244,.T.);
#1987=ORIENTED_EDGE('',*,*,#1404,.F.);
#1988=ORIENTED_EDGE('',*,*,#1405,.T.);
#1989=ORIENTED_EDGE('',*,*,#1402,.T.);
#1990=ORIENTED_EDGE('',*,*,#1243,.T.);
#1991=ORIENTED_EDGE('',*,*,#1406,.F.);
#1992=ORIENTED_EDGE('',*,*,#1407,.F.);
#1993=ORIENTED_EDGE('',*,*,#1404,.T.);
#1994=ORIENTED_EDGE('',*,*,#1242,.T.);
#1995=ORIENTED_EDGE('',*,*,#1395,.F.);
#1996=ORIENTED_EDGE('',*,*,#1408,.T.);
#1997=ORIENTED_EDGE('',*,*,#1406,.T.);
#1998=ORIENTED_EDGE('',*,*,#1408,.F.);
#1999=ORIENTED_EDGE('',*,*,#1394,.T.);
#2000=ORIENTED_EDGE('',*,*,#1397,.F.);
#2001=ORIENTED_EDGE('',*,*,#1399,.T.);
#2002=ORIENTED_EDGE('',*,*,#1401,.F.);
#2003=ORIENTED_EDGE('',*,*,#1403,.T.);
#2004=ORIENTED_EDGE('',*,*,#1405,.F.);
#2005=ORIENTED_EDGE('',*,*,#1407,.T.);
#2006=ORIENTED_EDGE('',*,*,#1374,.T.);
#2007=ORIENTED_EDGE('',*,*,#1372,.T.);
#2008=ORIENTED_EDGE('',*,*,#1376,.T.);
#2009=ORIENTED_EDGE('',*,*,#1378,.T.);
#2010=ORIENTED_EDGE('',*,*,#1380,.T.);
#2011=CYLINDRICAL_SURFACE('',#2146,1.);
#2012=CYLINDRICAL_SURFACE('',#2150,1.);
#2013=CYLINDRICAL_SURFACE('',#2161,2.);
#2014=CYLINDRICAL_SURFACE('',#2169,4.);
#2015=CYLINDRICAL_SURFACE('',#2172,4.);
#2016=CYLINDRICAL_SURFACE('',#2176,2.);
#2017=CYLINDRICAL_SURFACE('',#2184,4.);
#2018=CYLINDRICAL_SURFACE('',#2187,4.);
#2019=CYLINDRICAL_SURFACE('',#2207,4.);
#2020=CYLINDRICAL_SURFACE('',#2209,4.);
#2021=CYLINDRICAL_SURFACE('',#2264,5.);
#2022=ADVANCED_FACE('',(#121),#2011,.F.);
#2023=ADVANCED_FACE('',(#122,#19),#26,.T.);
#2024=ADVANCED_FACE('',(#123),#2012,.F.);
#2025=ADVANCED_FACE('',(#124,#20),#27,.T.);
#2026=ADVANCED_FACE('',(#125),#28,.T.);
#2027=ADVANCED_FACE('',(#126),#29,.T.);
#2028=ADVANCED_FACE('',(#127),#30,.T.);
#2029=ADVANCED_FACE('',(#128),#31,.T.);
#2030=ADVANCED_FACE('',(#129),#32,.T.);
#2031=ADVANCED_FACE('',(#130),#33,.F.);
#2032=ADVANCED_FACE('',(#131),#2013,.F.);
#2033=ADVANCED_FACE('',(#132),#34,.F.);
#2034=ADVANCED_FACE('',(#133),#35,.F.);
#2035=ADVANCED_FACE('',(#134),#36,.F.);
#2036=ADVANCED_FACE('',(#135),#2014,.F.);
#2037=ADVANCED_FACE('',(#136),#2015,.F.);
#2038=ADVANCED_FACE('',(#137),#37,.T.);
#2039=ADVANCED_FACE('',(#138),#2016,.F.);
#2040=ADVANCED_FACE('',(#139),#38,.T.);
#2041=ADVANCED_FACE('',(#140),#39,.T.);
#2042=ADVANCED_FACE('',(#141),#40,.T.);
#2043=ADVANCED_FACE('',(#142),#2017,.F.);
#2044=ADVANCED_FACE('',(#143),#2018,.F.);
#2045=ADVANCED_FACE('',(#144),#41,.T.);
#2046=ADVANCED_FACE('',(#145),#42,.F.);
#2047=ADVANCED_FACE('',(#146),#43,.T.);
#2048=ADVANCED_FACE('',(#147),#44,.T.);
#2049=ADVANCED_FACE('',(#148),#45,.F.);
#2050=ADVANCED_FACE('',(#149),#46,.T.);
#2051=ADVANCED_FACE('',(#150),#47,.T.);
#2052=ADVANCED_FACE('',(#151,#21,#22,#23),#48,.T.);
#2053=ADVANCED_FACE('',(#152),#49,.T.);
#2054=ADVANCED_FACE('',(#153),#50,.T.);
#2055=ADVANCED_FACE('',(#154),#51,.T.);
#2056=ADVANCED_FACE('',(#155),#2019,.F.);
#2057=ADVANCED_FACE('',(#156),#2020,.F.);
#2058=ADVANCED_FACE('',(#157),#52,.T.);
#2059=ADVANCED_FACE('',(#158),#53,.T.);
#2060=ADVANCED_FACE('',(#159),#54,.T.);
#2061=ADVANCED_FACE('',(#160),#55,.F.);
#2062=ADVANCED_FACE('',(#161),#56,.F.);
#2063=ADVANCED_FACE('',(#162),#57,.F.);
#2064=ADVANCED_FACE('',(#163),#58,.F.);
#2065=ADVANCED_FACE('',(#164),#59,.F.);
#2066=ADVANCED_FACE('',(#165),#60,.F.);
#2067=ADVANCED_FACE('',(#166),#61,.F.);
#2068=ADVANCED_FACE('',(#167),#62,.F.);
#2069=ADVANCED_FACE('',(#168),#63,.F.);
#2070=ADVANCED_FACE('',(#169),#64,.F.);
#2071=ADVANCED_FACE('',(#170),#65,.F.);
#2072=ADVANCED_FACE('',(#171),#66,.F.);
#2073=ADVANCED_FACE('',(#172),#67,.F.);
#2074=ADVANCED_FACE('',(#173),#68,.F.);
#2075=ADVANCED_FACE('',(#174),#69,.F.);
#2076=ADVANCED_FACE('',(#175),#70,.F.);
#2077=ADVANCED_FACE('',(#176),#71,.F.);
#2078=ADVANCED_FACE('',(#177),#72,.F.);
#2079=ADVANCED_FACE('',(#178),#73,.F.);
#2080=ADVANCED_FACE('',(#179),#74,.F.);
#2081=ADVANCED_FACE('',(#180),#75,.F.);
#2082=ADVANCED_FACE('',(#181),#76,.T.);
#2083=ADVANCED_FACE('',(#182),#77,.T.);
#2084=ADVANCED_FACE('',(#183),#78,.T.);
#2085=ADVANCED_FACE('',(#184),#79,.T.);
#2086=ADVANCED_FACE('',(#185),#80,.T.);
#2087=ADVANCED_FACE('',(#186),#81,.T.);
#2088=ADVANCED_FACE('',(#187),#82,.T.);
#2089=ADVANCED_FACE('',(#188),#83,.T.);
#2090=ADVANCED_FACE('',(#189),#84,.T.);
#2091=ADVANCED_FACE('',(#190),#85,.T.);
#2092=ADVANCED_FACE('',(#191),#86,.T.);
#2093=ADVANCED_FACE('',(#192),#87,.T.);
#2094=ADVANCED_FACE('',(#193),#88,.T.);
#2095=ADVANCED_FACE('',(#194),#89,.T.);
#2096=ADVANCED_FACE('',(#195),#90,.T.);
#2097=ADVANCED_FACE('',(#196),#91,.F.);
#2098=ADVANCED_FACE('',(#197),#92,.F.);
#2099=ADVANCED_FACE('',(#198),#93,.F.);
#2100=ADVANCED_FACE('',(#199),#94,.F.);
#2101=ADVANCED_FACE('',(#200),#95,.F.);
#2102=ADVANCED_FACE('',(#201),#96,.F.);
#2103=ADVANCED_FACE('',(#202),#97,.F.);
#2104=ADVANCED_FACE('',(#203),#98,.F.);
#2105=ADVANCED_FACE('',(#204),#99,.F.);
#2106=ADVANCED_FACE('',(#205),#100,.F.);
#2107=ADVANCED_FACE('',(#206),#101,.F.);
#2108=ADVANCED_FACE('',(#207),#102,.F.);
#2109=ADVANCED_FACE('',(#208),#103,.F.);
#2110=ADVANCED_FACE('',(#209),#104,.F.);
#2111=ADVANCED_FACE('',(#210),#2021,.F.);
#2112=ADVANCED_FACE('',(#211),#105,.F.);
#2113=ADVANCED_FACE('',(#212),#106,.F.);
#2114=ADVANCED_FACE('',(#213),#107,.F.);
#2115=ADVANCED_FACE('',(#214),#108,.F.);
#2116=ADVANCED_FACE('',(#215),#109,.F.);
#2117=ADVANCED_FACE('',(#216),#110,.F.);
#2118=ADVANCED_FACE('',(#217),#111,.F.);
#2119=ADVANCED_FACE('',(#218),#112,.F.);
#2120=ADVANCED_FACE('',(#219),#113,.T.);
#2121=ADVANCED_FACE('',(#220),#114,.T.);
#2122=ADVANCED_FACE('',(#221),#115,.T.);
#2123=ADVANCED_FACE('',(#222),#116,.T.);
#2124=ADVANCED_FACE('',(#223),#15,.T.);
#2125=ADVANCED_FACE('',(#224),#117,.T.);
#2126=ADVANCED_FACE('',(#225),#16,.T.);
#2127=ADVANCED_FACE('',(#226),#118,.T.);
#2128=ADVANCED_FACE('',(#227),#17,.T.);
#2129=ADVANCED_FACE('',(#228),#119,.T.);
#2130=ADVANCED_FACE('',(#229),#18,.T.);
#2131=ADVANCED_FACE('',(#230,#24,#25),#120,.F.);
#2132=CLOSED_SHELL('',(#2022,#2023,#2024,#2025,#2026,#2027,#2028,#2029,
#2030,#2031,#2032,#2033,#2034,#2035,#2036,#2037,#2038,#2039,#2040,#2041,
#2042,#2043,#2044,#2045,#2046,#2047,#2048,#2049,#2050,#2051,#2052,#2053,
#2054,#2055,#2056,#2057,#2058,#2059,#2060,#2061,#2062,#2063,#2064,#2065,
#2066,#2067,#2068,#2069,#2070,#2071,#2072,#2073,#2074,#2075,#2076,#2077,
#2078,#2079,#2080,#2081,#2082,#2083,#2084,#2085,#2086,#2087,#2088,#2089,
#2090,#2091,#2092,#2093,#2094,#2095,#2096,#2097,#2098,#2099,#2100,#2101,
#2102,#2103,#2104,#2105,#2106,#2107,#2108,#2109,#2110,#2111,#2112,#2113,
#2114,#2115,#2116,#2117,#2118,#2119,#2120,#2121,#2122,#2123,#2124,#2125,
#2126,#2127,#2128,#2129,#2130,#2131));
#2133=DERIVED_UNIT_ELEMENT(#2135,1.);
#2134=DERIVED_UNIT_ELEMENT(#3456,-3.);
#2135=(
MASS_UNIT()
NAMED_UNIT(*)
SI_UNIT(.KILO.,.GRAM.)
);
#2136=DERIVED_UNIT((#2133,#2134));
#2137=MEASURE_REPRESENTATION_ITEM('density measure',
POSITIVE_RATIO_MEASURE(7850.),#2136);
#2138=PROPERTY_DEFINITION_REPRESENTATION(#2143,#2140);
#2139=PROPERTY_DEFINITION_REPRESENTATION(#2144,#2141);
#2140=REPRESENTATION('material name',(#2142),#3453);
#2141=REPRESENTATION('density',(#2137),#3453);
#2142=DESCRIPTIVE_REPRESENTATION_ITEM('Acciaio','Acciaio');
#2143=PROPERTY_DEFINITION('material property','material name',#3463);
#2144=PROPERTY_DEFINITION('material property','density of part',#3463);
#2145=AXIS2_PLACEMENT_3D('',#2847,#2290,#2291);
#2146=AXIS2_PLACEMENT_3D('',#2848,#2292,#2293);
#2147=AXIS2_PLACEMENT_3D('',#2851,#2294,#2295);
#2148=AXIS2_PLACEMENT_3D('',#2855,#2297,#2298);
#2149=AXIS2_PLACEMENT_3D('',#2857,#2300,#2301);
#2150=AXIS2_PLACEMENT_3D('',#2871,#2309,#2310);
#2151=AXIS2_PLACEMENT_3D('',#2874,#2311,#2312);
#2152=AXIS2_PLACEMENT_3D('',#2878,#2314,#2315);
#2153=AXIS2_PLACEMENT_3D('',#2880,#2317,#2318);
#2154=AXIS2_PLACEMENT_3D('',#2894,#2326,#2327);
#2155=AXIS2_PLACEMENT_3D('',#2905,#2333,#2334);
#2156=AXIS2_PLACEMENT_3D('',#2913,#2339,#2340);
#2157=AXIS2_PLACEMENT_3D('',#2924,#2345,#2346);
#2158=AXIS2_PLACEMENT_3D('',#2928,#2349,#2350);
#2159=AXIS2_PLACEMENT_3D('',#2939,#2357,#2358);
#2160=AXIS2_PLACEMENT_3D('',#2941,#2360,#2361);
#2161=AXIS2_PLACEMENT_3D('',#2943,#2363,#2364);
#2162=AXIS2_PLACEMENT_3D('',#2946,#2365,#2366);
#2163=AXIS2_PLACEMENT_3D('',#2950,#2368,#2369);
#2164=AXIS2_PLACEMENT_3D('',#2954,#2371,#2372);
#2165=AXIS2_PLACEMENT_3D('',#2958,#2374,#2375);
#2166=AXIS2_PLACEMENT_3D('',#2964,#2379,#2380);
#2167=AXIS2_PLACEMENT_3D('',#2972,#2385,#2386);
#2168=AXIS2_PLACEMENT_3D('',#2978,#2390,#2391);
#2169=AXIS2_PLACEMENT_3D('',#2990,#2398,#2399);
#2170=AXIS2_PLACEMENT_3D('',#2992,#2400,#2401);
#2171=AXIS2_PLACEMENT_3D('',#2994,#2402,#2403);
#2172=AXIS2_PLACEMENT_3D('',#2996,#2405,#2406);
#2173=AXIS2_PLACEMENT_3D('',#2998,#2407,#2408);
#2174=AXIS2_PLACEMENT_3D('',#3001,#2410,#2411);
#2175=AXIS2_PLACEMENT_3D('',#3002,#2412,#2413);
#2176=AXIS2_PLACEMENT_3D('',#3013,#2420,#2421);
#2177=AXIS2_PLACEMENT_3D('',#3015,#2422,#2423);
#2178=AXIS2_PLACEMENT_3D('',#3019,#2425,#2426);
#2179=AXIS2_PLACEMENT_3D('',#3023,#2428,#2429);
#2180=AXIS2_PLACEMENT_3D('',#3027,#2431,#2432);
#2181=AXIS2_PLACEMENT_3D('',#3031,#2435,#2436);
#2182=AXIS2_PLACEMENT_3D('',#3037,#2440,#2441);
#2183=AXIS2_PLACEMENT_3D('',#3045,#2446,#2447);
#2184=AXIS2_PLACEMENT_3D('',#3050,#2451,#2452);
#2185=AXIS2_PLACEMENT_3D('',#3052,#2453,#2454);
#2186=AXIS2_PLACEMENT_3D('',#3055,#2456,#2457);
#2187=AXIS2_PLACEMENT_3D('',#3056,#2458,#2459);
#2188=AXIS2_PLACEMENT_3D('',#3059,#2461,#2462);
#2189=AXIS2_PLACEMENT_3D('',#3060,#2463,#2464);
#2190=AXIS2_PLACEMENT_3D('',#3069,#2469,#2470);
#2191=AXIS2_PLACEMENT_3D('',#3074,#2474,#2475);
#2192=AXIS2_PLACEMENT_3D('',#3092,#2484,#2485);
#2193=AXIS2_PLACEMENT_3D('',#3096,#2487,#2488);
#2194=AXIS2_PLACEMENT_3D('',#3098,#2490,#2491);
#2195=AXIS2_PLACEMENT_3D('',#3104,#2495,#2496);
#2196=AXIS2_PLACEMENT_3D('',#3107,#2499,#2500);
#2197=AXIS2_PLACEMENT_3D('',#3110,#2503,#2504);
#2198=AXIS2_PLACEMENT_3D('',#3113,#2507,#2508);
#2199=AXIS2_PLACEMENT_3D('',#3118,#2510,#2511);
#2200=AXIS2_PLACEMENT_3D('',#3122,#2513,#2514);
#2201=AXIS2_PLACEMENT_3D('',#3126,#2516,#2517);
#2202=AXIS2_PLACEMENT_3D('',#3129,#2519,#2520);
#2203=AXIS2_PLACEMENT_3D('',#3164,#2540,#2541);
#2204=AXIS2_PLACEMENT_3D('',#3165,#2542,#2543);
#2205=AXIS2_PLACEMENT_3D('',#3169,#2546,#2547);
#2206=AXIS2_PLACEMENT_3D('',#3171,#2549,#2550);
#2207=AXIS2_PLACEMENT_3D('',#3175,#2553,#2554);
#2208=AXIS2_PLACEMENT_3D('',#3178,#2556,#2557);
#2209=AXIS2_PLACEMENT_3D('',#3179,#2558,#2559);
#2210=AXIS2_PLACEMENT_3D('',#3181,#2560,#2561);
#2211=AXIS2_PLACEMENT_3D('',#3183,#2563,#2564);
#2212=AXIS2_PLACEMENT_3D('',#3191,#2569,#2570);
#2213=AXIS2_PLACEMENT_3D('',#3195,#2573,#2574);
#2214=AXIS2_PLACEMENT_3D('',#3199,#2577,#2578);
#2215=AXIS2_PLACEMENT_3D('',#3207,#2583,#2584);
#2216=AXIS2_PLACEMENT_3D('',#3216,#2589,#2590);
#2217=AXIS2_PLACEMENT_3D('',#3225,#2595,#2596);
#2218=AXIS2_PLACEMENT_3D('',#3234,#2601,#2602);
#2219=AXIS2_PLACEMENT_3D('',#3237,#2605,#2606);
#2220=AXIS2_PLACEMENT_3D('',#3241,#2609,#2610);
#2221=AXIS2_PLACEMENT_3D('',#3244,#2613,#2614);
#2222=AXIS2_PLACEMENT_3D('',#3248,#2617,#2618);
#2223=AXIS2_PLACEMENT_3D('',#3251,#2621,#2622);
#2224=AXIS2_PLACEMENT_3D('',#3255,#2625,#2626);
#2225=AXIS2_PLACEMENT_3D('',#3259,#2629,#2630);
#2226=AXIS2_PLACEMENT_3D('',#3263,#2633,#2634);
#2227=AXIS2_PLACEMENT_3D('',#3267,#2637,#2638);
#2228=AXIS2_PLACEMENT_3D('',#3271,#2642,#2643);
#2229=AXIS2_PLACEMENT_3D('',#3273,#2645,#2646);
#2230=AXIS2_PLACEMENT_3D('',#3275,#2648,#2649);
#2231=AXIS2_PLACEMENT_3D('',#3276,#2650,#2651);
#2232=AXIS2_PLACEMENT_3D('',#3277,#2652,#2653);
#2233=AXIS2_PLACEMENT_3D('',#3278,#2654,#2655);
#2234=AXIS2_PLACEMENT_3D('',#3287,#2660,#2661);
#2235=AXIS2_PLACEMENT_3D('',#3296,#2666,#2667);
#2236=AXIS2_PLACEMENT_3D('',#3300,#2671,#2672);
#2237=AXIS2_PLACEMENT_3D('',#3303,#2675,#2676);
#2238=AXIS2_PLACEMENT_3D('',#3306,#2679,#2680);
#2239=AXIS2_PLACEMENT_3D('',#3310,#2684,#2685);
#2240=AXIS2_PLACEMENT_3D('',#3311,#2686,#2687);
#2241=AXIS2_PLACEMENT_3D('',#3312,#2688,#2689);
#2242=AXIS2_PLACEMENT_3D('',#3313,#2690,#2691);
#2243=AXIS2_PLACEMENT_3D('',#3314,#2692,#2693);
#2244=AXIS2_PLACEMENT_3D('',#3315,#2694,#2695);
#2245=AXIS2_PLACEMENT_3D('',#3316,#2696,#2697);
#2246=AXIS2_PLACEMENT_3D('',#3318,#2699,#2700);
#2247=AXIS2_PLACEMENT_3D('',#3320,#2702,#2703);
#2248=AXIS2_PLACEMENT_3D('',#3321,#2704,#2705);
#2249=AXIS2_PLACEMENT_3D('',#3327,#2709,#2710);
#2250=AXIS2_PLACEMENT_3D('',#3333,#2714,#2715);
#2251=AXIS2_PLACEMENT_3D('',#3339,#2719,#2720);
#2252=AXIS2_PLACEMENT_3D('',#3345,#2724,#2725);
#2253=AXIS2_PLACEMENT_3D('',#3349,#2728,#2729);
#2254=AXIS2_PLACEMENT_3D('',#3351,#2731,#2732);
#2255=AXIS2_PLACEMENT_3D('',#3357,#2736,#2737);
#2256=AXIS2_PLACEMENT_3D('',#3361,#2740,#2741);
#2257=AXIS2_PLACEMENT_3D('',#3365,#2744,#2745);
#2258=AXIS2_PLACEMENT_3D('',#3369,#2748,#2749);
#2259=AXIS2_PLACEMENT_3D('',#3371,#2751,#2752);
#2260=AXIS2_PLACEMENT_3D('',#3373,#2754,#2755);
#2261=AXIS2_PLACEMENT_3D('',#3379,#2759,#2760);
#2262=AXIS2_PLACEMENT_3D('',#3383,#2763,#2764);
#2263=AXIS2_PLACEMENT_3D('',#3387,#2767,#2768);
#2264=AXIS2_PLACEMENT_3D('',#3389,#2770,#2771);
#2265=AXIS2_PLACEMENT_3D('',#3392,#2773,#2774);
#2266=AXIS2_PLACEMENT_3D('',#3393,#2775,#2776);
#2267=AXIS2_PLACEMENT_3D('',#3398,#2780,#2781);
#2268=AXIS2_PLACEMENT_3D('',#3401,#2784,#2785);
#2269=AXIS2_PLACEMENT_3D('',#3405,#2788,#2789);
#2270=AXIS2_PLACEMENT_3D('',#3407,#2791,#2792);
#2271=AXIS2_PLACEMENT_3D('',#3409,#2794,#2795);
#2272=AXIS2_PLACEMENT_3D('',#3411,#2797,#2798);
#2273=AXIS2_PLACEMENT_3D('',#3413,#2800,#2801);
#2274=AXIS2_PLACEMENT_3D('',#3414,#2802,#2803);
#2275=AXIS2_PLACEMENT_3D('',#3415,#2804,#2805);
#2276=AXIS2_PLACEMENT_3D('',#3417,#2807,#2808);
#2277=AXIS2_PLACEMENT_3D('',#3418,#2809,#2810);
#2278=AXIS2_PLACEMENT_3D('',#3424,#2814,#2815);
#2279=AXIS2_PLACEMENT_3D('',#3427,#2817,#2818);
#2280=AXIS2_PLACEMENT_3D('',#3428,#2819,#2820);
#2281=AXIS2_PLACEMENT_3D('',#3432,#2823,#2824);
#2282=AXIS2_PLACEMENT_3D('',#3435,#2826,#2827);
#2283=AXIS2_PLACEMENT_3D('',#3436,#2828,#2829);
#2284=AXIS2_PLACEMENT_3D('',#3440,#2832,#2833);
#2285=AXIS2_PLACEMENT_3D('',#3443,#2835,#2836);
#2286=AXIS2_PLACEMENT_3D('',#3444,#2837,#2838);
#2287=AXIS2_PLACEMENT_3D('',#3448,#2841,#2842);
#2288=AXIS2_PLACEMENT_3D('',#3449,#2843,#2844);
#2289=AXIS2_PLACEMENT_3D('',#3450,#2845,#2846);
#2290=DIRECTION('axis',(0.,0.,1.));
#2291=DIRECTION('refdir',(1.,0.,0.));
#2292=DIRECTION('center_axis',(-1.,0.,0.));
#2293=DIRECTION('ref_axis',(0.,0.707106781186547,-0.707106781186548));
#2294=DIRECTION('center_axis',(1.,0.,0.));
#2295=DIRECTION('ref_axis',(0.,0.707106781186547,-0.707106781186548));
#2296=DIRECTION('',(-1.,0.,0.));
#2297=DIRECTION('center_axis',(-1.,0.,0.));
#2298=DIRECTION('ref_axis',(0.,0.707106781186547,-0.707106781186548));
#2299=DIRECTION('',(1.,0.,0.));
#2300=DIRECTION('center_axis',(0.,-1.,0.));
#2301=DIRECTION('ref_axis',(1.,0.,0.));
#2302=DIRECTION('',(0.,0.,-1.));
#2303=DIRECTION('',(-1.,0.,0.));
#2304=DIRECTION('',(0.,0.,1.));
#2305=DIRECTION('',(0.,0.,1.));
#2306=DIRECTION('',(1.,0.,0.));
#2307=DIRECTION('',(0.,0.,-1.));
#2308=DIRECTION('',(-1.,0.,0.));
#2309=DIRECTION('center_axis',(1.,-7.40148683083438E-16,0.));
#2310=DIRECTION('ref_axis',(0.,-0.707106781186547,-0.707106781186548));
#2311=DIRECTION('center_axis',(-1.,9.25185853854297E-16,0.));
#2312=DIRECTION('ref_axis',(0.,-0.707106781186547,-0.707106781186548));
#2313=DIRECTION('',(1.,-7.40148683083438E-16,0.));
#2314=DIRECTION('center_axis',(1.,-9.25185853854297E-16,0.));
#2315=DIRECTION('ref_axis',(0.,-0.707106781186547,-0.707106781186548));
#2316=DIRECTION('',(-1.,7.40148683083438E-16,0.));
#2317=DIRECTION('center_axis',(7.40148683083438E-16,1.,0.));
#2318=DIRECTION('ref_axis',(-1.,7.40148683083438E-16,0.));
#2319=DIRECTION('',(0.,0.,-1.));
#2320=DIRECTION('',(1.,0.,0.));
#2321=DIRECTION('',(0.,0.,1.));
#2322=DIRECTION('',(0.,0.,-1.));
#2323=DIRECTION('',(1.,-7.40148683083438E-16,0.));
#2324=DIRECTION('',(0.,0.,1.));
#2325=DIRECTION('',(-1.,7.40148683083438E-16,0.));
#2326=DIRECTION('center_axis',(1.,0.,0.));
#2327=DIRECTION('ref_axis',(0.,0.,-1.));
#2328=DIRECTION('',(0.,-0.271252331084737,0.962508271591001));
#2329=DIRECTION('',(0.,-1.,0.));
#2330=DIRECTION('',(0.,0.,-1.));
#2331=DIRECTION('',(0.,-1.,0.));
#2332=DIRECTION('',(0.,1.,0.));
#2333=DIRECTION('center_axis',(0.,0.,1.));
#2334=DIRECTION('ref_axis',(1.,0.,0.));
#2335=DIRECTION('',(1.,0.,0.));
#2336=DIRECTION('',(1.,0.,0.));
#2337=DIRECTION('',(0.,1.,0.));
#2338=DIRECTION('',(-1.,0.,0.));
#2339=DIRECTION('center_axis',(-1.,0.,0.));
#2340=DIRECTION('ref_axis',(0.,-1.,0.));
#2341=DIRECTION('',(0.,-0.271252331084737,0.962508271591001));
#2342=DIRECTION('',(0.,1.,0.));
#2343=DIRECTION('',(0.,0.,1.));
#2344=DIRECTION('',(0.,1.,0.));
#2345=DIRECTION('center_axis',(-1.,0.,0.));
#2346=DIRECTION('ref_axis',(0.,0.707106781186548,-0.707106781186547));
#2347=DIRECTION('',(0.,0.,-1.));
#2348=DIRECTION('',(0.,-1.,0.));
#2349=DIRECTION('center_axis',(0.,1.,0.));
#2350=DIRECTION('ref_axis',(-1.,0.,0.));
#2351=DIRECTION('',(-1.,0.,0.));
#2352=DIRECTION('',(1.,0.,0.));
#2353=DIRECTION('',(-1.,0.,0.));
#2354=DIRECTION('',(1.,0.,0.));
#2355=DIRECTION('',(0.,0.,1.));
#2356=DIRECTION('',(1.,0.,0.));
#2357=DIRECTION('center_axis',(0.,0.,-1.));
#2358=DIRECTION('ref_axis',(-1.,0.,0.));
#2359=DIRECTION('',(1.,0.,0.));
#2360=DIRECTION('center_axis',(0.,-0.962508271591001,-0.271252331084737));
#2361=DIRECTION('ref_axis',(0.,0.271252331084737,-0.962508271591001));
#2362=DIRECTION('',(-1.,0.,0.));
#2363=DIRECTION('center_axis',(1.,-7.40148683083438E-16,0.));
#2364=DIRECTION('ref_axis',(0.,-0.599999999999988,-0.800000000000009));
#2365=DIRECTION('center_axis',(1.,-9.25185853854297E-16,0.));
#2366=DIRECTION('ref_axis',(0.,-0.599999999999988,-0.800000000000009));
#2367=DIRECTION('',(-1.,7.40148683083438E-16,0.));
#2368=DIRECTION('center_axis',(-1.,7.449548433632E-16,0.));
#2369=DIRECTION('ref_axis',(0.,-0.599999999999988,-0.800000000000009));
#2370=DIRECTION('',(-1.,7.40148683083438E-16,0.));
#2371=DIRECTION('center_axis',(1.,-7.449548433632E-16,0.));
#2372=DIRECTION('ref_axis',(0.,-0.599999999999988,-0.800000000000009));
#2373=DIRECTION('',(-1.,7.40148683083438E-16,0.));
#2374=DIRECTION('center_axis',(-1.,9.25185853854297E-16,0.));
#2375=DIRECTION('ref_axis',(0.,-0.599999999999988,-0.800000000000009));
#2376=DIRECTION('',(1.,0.,0.));
#2377=DIRECTION('',(-1.,7.40148683083438E-16,0.));
#2378=DIRECTION('',(1.,0.,0.));
#2379=DIRECTION('center_axis',(0.,-1.,0.));
#2380=DIRECTION('ref_axis',(1.,0.,0.));
#2381=DIRECTION('',(0.,0.,1.));
#2382=DIRECTION('',(1.,0.,0.));
#2383=DIRECTION('',(0.,0.,-1.));
#2384=DIRECTION('',(1.,0.,0.));
#2385=DIRECTION('center_axis',(0.,-1.,0.));
#2386=DIRECTION('ref_axis',(1.,0.,0.));
#2387=DIRECTION('',(0.,0.,1.));
#2388=DIRECTION('',(1.,0.,0.));
#2389=DIRECTION('',(0.,0.,1.));
#2390=DIRECTION('center_axis',(0.,-1.,0.));
#2391=DIRECTION('ref_axis',(1.,0.,0.));
#2392=DIRECTION('',(0.,0.,-1.));
#2393=DIRECTION('',(1.,0.,0.));
#2394=DIRECTION('',(0.,0.,1.));
#2395=DIRECTION('',(1.,0.,0.));
#2396=DIRECTION('',(0.,0.,1.));
#2397=DIRECTION('',(1.,0.,0.));
#2398=DIRECTION('center_axis',(1.,0.,0.));
#2399=DIRECTION('ref_axis',(0.,-0.707106781186548,-0.707106781186547));
#2400=DIRECTION('center_axis',(-1.,9.25185853854297E-16,0.));
#2401=DIRECTION('ref_axis',(0.,-0.707106781186548,-0.707106781186547));
#2402=DIRECTION('center_axis',(-1.,5.55111512312579E-16,0.));
#2403=DIRECTION('ref_axis',(0.,-0.707106781186548,-0.707106781186547));
#2404=DIRECTION('',(-1.,0.,0.));
#2405=DIRECTION('center_axis',(1.,0.,0.));
#2406=DIRECTION('ref_axis',(0.,-0.707106781186548,-0.707106781186547));
#2407=DIRECTION('center_axis',(1.,-9.25185853854297E-16,0.));
#2408=DIRECTION('ref_axis',(0.,-0.707106781186548,-0.707106781186547));
#2409=DIRECTION('',(-1.,0.,0.));
#2410=DIRECTION('center_axis',(-1.,0.,0.));
#2411=DIRECTION('ref_axis',(0.,-0.707106781186548,-0.707106781186547));
#2412=DIRECTION('center_axis',(-7.40148683083438E-16,-1.,0.));
#2413=DIRECTION('ref_axis',(1.,-7.40148683083438E-16,0.));
#2414=DIRECTION('',(0.,0.,1.));
#2415=DIRECTION('',(1.,-7.40148683083438E-16,0.));
#2416=DIRECTION('',(0.,0.,-1.));
#2417=DIRECTION('',(0.,0.,-1.));
#2418=DIRECTION('',(-1.,0.,0.));
#2419=DIRECTION('',(0.,0.,1.));
#2420=DIRECTION('center_axis',(-1.,0.,0.));
#2421=DIRECTION('ref_axis',(0.,0.599999999999995,-0.800000000000004));
#2422=DIRECTION('center_axis',(-1.,0.,0.));
#2423=DIRECTION('ref_axis',(0.,0.599999999999995,-0.800000000000004));
#2424=DIRECTION('',(1.,0.,0.));
#2425=DIRECTION('center_axis',(1.,-7.449548433632E-16,0.));
#2426=DIRECTION('ref_axis',(0.,0.599999999999995,-0.800000000000004));
#2427=DIRECTION('',(1.,0.,0.));
#2428=DIRECTION('center_axis',(-1.,7.449548433632E-16,0.));
#2429=DIRECTION('ref_axis',(0.,0.599999999999995,-0.800000000000004));
#2430=DIRECTION('',(1.,0.,0.));
#2431=DIRECTION('center_axis',(1.,0.,0.));
#2432=DIRECTION('ref_axis',(0.,0.599999999999995,-0.800000000000004));
#2433=DIRECTION('',(1.,0.,0.));
#2434=DIRECTION('',(1.,0.,0.));
#2435=DIRECTION('center_axis',(0.,-1.,0.));
#2436=DIRECTION('ref_axis',(1.,0.,0.));
#2437=DIRECTION('',(0.,0.,1.));
#2438=DIRECTION('',(1.,0.,0.));
#2439=DIRECTION('',(0.,0.,1.));
#2440=DIRECTION('center_axis',(0.,-1.,0.));
#2441=DIRECTION('ref_axis',(1.,0.,0.));
#2442=DIRECTION('',(0.,0.,-1.));
#2443=DIRECTION('',(-1.,0.,0.));
#2444=DIRECTION('',(1.05735526154777E-16,0.,1.));
#2445=DIRECTION('',(1.,0.,0.));
#2446=DIRECTION('center_axis',(0.,-1.,0.));
#2447=DIRECTION('ref_axis',(1.,0.,0.));
#2448=DIRECTION('',(-1.,0.,0.));
#2449=DIRECTION('',(0.,0.,1.));
#2450=DIRECTION('',(1.,0.,0.));
#2451=DIRECTION('center_axis',(-1.,0.,0.));
#2452=DIRECTION('ref_axis',(0.,0.707106781186548,-0.707106781186547));
#2453=DIRECTION('center_axis',(-1.,0.,0.));
#2454=DIRECTION('ref_axis',(0.,0.707106781186548,-0.707106781186547));
#2455=DIRECTION('',(1.,0.,0.));
#2456=DIRECTION('center_axis',(-1.,5.55111512312579E-16,0.));
#2457=DIRECTION('ref_axis',(0.,0.707106781186548,-0.707106781186547));
#2458=DIRECTION('center_axis',(-1.,0.,0.));
#2459=DIRECTION('ref_axis',(0.,0.707106781186548,-0.707106781186547));
#2460=DIRECTION('',(1.,0.,0.));
#2461=DIRECTION('center_axis',(1.,0.,0.));
#2462=DIRECTION('ref_axis',(0.,0.707106781186548,-0.707106781186547));
#2463=DIRECTION('center_axis',(0.,0.707106781186548,0.707106781186548));
#2464=DIRECTION('ref_axis',(1.,0.,0.));
#2465=DIRECTION('',(0.,0.707106781186548,-0.707106781186548));
#2466=DIRECTION('',(-1.,0.,0.));
#2467=DIRECTION('',(-3.92523114670944E-16,-0.707106781186548,0.707106781186548));
#2468=DIRECTION('',(1.,0.,0.));
#2469=DIRECTION('center_axis',(0.,-1.,0.));
#2470=DIRECTION('ref_axis',(0.,0.,-1.));
#2471=DIRECTION('',(1.48029736616688E-15,0.,-1.));
#2472=DIRECTION('',(1.,0.,0.));
#2473=DIRECTION('',(1.05735526154777E-16,0.,1.));
#2474=DIRECTION('center_axis',(1.,0.,0.));
#2475=DIRECTION('ref_axis',(0.,1.,0.));
#2476=DIRECTION('',(-7.9078678417537E-15,1.,0.));
#2477=DIRECTION('',(-1.48029736616688E-15,-1.17390015657889E-29,1.));
#2478=DIRECTION('',(0.,-1.,0.));
#2479=DIRECTION('',(2.11471052309554E-16,-1.67700022368412E-31,-1.));
#2480=DIRECTION('',(-4.16203570618616E-16,-1.,0.));
#2481=DIRECTION('',(0.,0.707106781186548,0.707106781186548));
#2482=DIRECTION('',(-2.11471052309554E-16,0.,1.));
#2483=DIRECTION('',(-2.11471052309554E-16,0.,1.));
#2484=DIRECTION('center_axis',(1.,0.,0.));
#2485=DIRECTION('ref_axis',(0.,-0.707106781186548,-0.707106781186547));
#2486=DIRECTION('',(7.9078678417537E-15,-1.,0.));
#2487=DIRECTION('center_axis',(1.,0.,0.));
#2488=DIRECTION('ref_axis',(0.,0.707106781186548,-0.707106781186547));
#2489=DIRECTION('',(1.48029736616688E-15,0.,-1.));
#2490=DIRECTION('center_axis',(0.,-0.707106781186548,0.707106781186548));
#2491=DIRECTION('ref_axis',(1.,0.,0.));
#2492=DIRECTION('',(-3.92523114670944E-16,-0.707106781186548,-0.707106781186548));
#2493=DIRECTION('',(1.,0.,0.));
#2494=DIRECTION('',(-1.,0.,0.));
#2495=DIRECTION('center_axis',(0.,1.,0.));
#2496=DIRECTION('ref_axis',(0.,0.,1.));
#2497=DIRECTION('',(0.,0.,-1.));
#2498=DIRECTION('',(1.,0.,0.));
#2499=DIRECTION('center_axis',(-1.,5.55111512312579E-16,0.));
#2500=DIRECTION('ref_axis',(-5.55111512312579E-16,-1.,0.));
#2501=DIRECTION('',(5.55111512312579E-16,1.,0.));
#2502=DIRECTION('',(-7.9078678417537E-15,1.,0.));
#2503=DIRECTION('center_axis',(1.,-9.25185853854297E-16,0.));
#2504=DIRECTION('ref_axis',(9.25185853854297E-16,1.,0.));
#2505=DIRECTION('',(-9.25185853854297E-16,-1.,0.));
#2506=DIRECTION('',(-9.25185853854297E-16,-1.,0.));
#2507=DIRECTION('center_axis',(0.,0.,1.));
#2508=DIRECTION('ref_axis',(1.,0.,0.));
#2509=DIRECTION('',(1.,0.,0.));
#2510=DIRECTION('center_axis',(0.,0.,-1.));
#2511=DIRECTION('ref_axis',(-1.11022302462516E-15,1.,0.));
#2512=DIRECTION('',(0.,1.,0.));
#2513=DIRECTION('center_axis',(0.,0.,-1.));
#2514=DIRECTION('ref_axis',(-1.,0.,0.));
#2515=DIRECTION('',(-1.,0.,0.));
#2516=DIRECTION('center_axis',(0.,0.,-1.));
#2517=DIRECTION('ref_axis',(-1.11022302462516E-15,-1.,0.));
#2518=DIRECTION('',(0.,-1.,0.));
#2519=DIRECTION('center_axis',(0.,0.,-1.));
#2520=DIRECTION('ref_axis',(1.,-5.55111512312579E-16,0.));
#2521=DIRECTION('',(0.,1.,0.));
#2522=DIRECTION('',(0.,-1.,0.));
#2523=DIRECTION('',(1.,0.,0.));
#2524=DIRECTION('',(-1.,0.,0.));
#2525=DIRECTION('',(0.,-1.,0.));
#2526=DIRECTION('',(-1.,0.,0.));
#2527=DIRECTION('',(0.,1.,0.));
#2528=DIRECTION('',(9.25185853854297E-16,1.,0.));
#2529=DIRECTION('',(0.,-1.,0.));
#2530=DIRECTION('',(2.24855296126614E-15,-1.,0.));
#2531=DIRECTION('',(3.33066907387547E-15,-1.,0.));
#2532=DIRECTION('',(-1.,-5.07530525542929E-15,0.));
#2533=DIRECTION('',(3.26536183713281E-16,1.,0.));
#2534=DIRECTION('',(-1.,-1.82003774528714E-16,0.));
#2535=DIRECTION('',(3.26536183713281E-16,1.,0.));
#2536=DIRECTION('',(1.,3.64007549057428E-16,0.));
#2537=DIRECTION('',(3.26536183713281E-16,1.,0.));
#2538=DIRECTION('',(1.,0.,0.));
#2539=DIRECTION('',(1.11022302462516E-15,-1.,0.));
#2540=DIRECTION('center_axis',(0.,0.,-1.));
#2541=DIRECTION('ref_axis',(-1.,0.,0.));
#2542=DIRECTION('center_axis',(1.,0.,0.));
#2543=DIRECTION('ref_axis',(0.,1.,0.));
#2544=DIRECTION('',(0.,0.,1.));
#2545=DIRECTION('',(0.,-1.,0.));
#2546=DIRECTION('center_axis',(-1.,9.25185853854297E-16,0.));
#2547=DIRECTION('ref_axis',(-9.25185853854297E-16,-1.,0.));
#2548=DIRECTION('',(9.25185853854297E-16,1.,0.));
#2549=DIRECTION('center_axis',(-1.,0.,0.));
#2550=DIRECTION('ref_axis',(0.,-1.,0.));
#2551=DIRECTION('',(0.,1.,0.));
#2552=DIRECTION('',(0.,0.,-1.));
#2553=DIRECTION('center_axis',(1.,0.,0.));
#2554=DIRECTION('ref_axis',(0.,-0.707106781186548,-0.707106781186547));
#2555=DIRECTION('',(1.,0.,0.));
#2556=DIRECTION('center_axis',(1.,0.,0.));
#2557=DIRECTION('ref_axis',(0.,-0.707106781186548,-0.707106781186547));
#2558=DIRECTION('center_axis',(-1.,0.,0.));
#2559=DIRECTION('ref_axis',(0.,0.707106781186548,-0.707106781186547));
#2560=DIRECTION('center_axis',(1.,0.,0.));
#2561=DIRECTION('ref_axis',(0.,0.707106781186548,-0.707106781186547));
#2562=DIRECTION('',(-1.,0.,0.));
#2563=DIRECTION('center_axis',(0.,-1.,0.));
#2564=DIRECTION('ref_axis',(1.,0.,0.));
#2565=DIRECTION('',(0.,0.,1.));
#2566=DIRECTION('',(1.,0.,0.));
#2567=DIRECTION('',(0.,0.,1.));
#2568=DIRECTION('',(1.,0.,0.));
#2569=DIRECTION('center_axis',(-7.93016446160828E-15,1.,0.));
#2570=DIRECTION('ref_axis',(-1.,-7.93016446160828E-15,0.));
#2571=DIRECTION('',(-0.371390676354103,-2.94518914299597E-15,0.928476690885259));
#2572=DIRECTION('',(1.,7.93016446160828E-15,0.));
#2573=DIRECTION('center_axis',(-7.93016446160826E-16,-1.,0.));
#2574=DIRECTION('ref_axis',(1.,-7.93016446160826E-16,0.));
#2575=DIRECTION('',(1.,-4.62592926927148E-16,0.));
#2576=DIRECTION('',(-0.371390676354103,1.71802700008098E-16,0.928476690885259));
#2577=DIRECTION('center_axis',(0.,-1.,0.));
#2578=DIRECTION('ref_axis',(1.,0.,0.));
#2579=DIRECTION('',(1.,0.,0.));
#2580=DIRECTION('',(0.,0.,1.));
#2581=DIRECTION('',(1.,0.,0.));
#2582=DIRECTION('',(0.,0.,1.));
#2583=DIRECTION('center_axis',(0.,0.962508271591001,-0.271252331084737));
#2584=DIRECTION('ref_axis',(0.,0.271252331084737,0.962508271591001));
#2585=DIRECTION('',(0.,0.271252331084737,0.962508271591001));
#2586=DIRECTION('',(-1.,0.,0.));
#2587=DIRECTION('',(0.,-0.271252331084737,-0.962508271591001));
#2588=DIRECTION('',(1.,0.,0.));
#2589=DIRECTION('center_axis',(0.,0.962508271591001,-0.271252331084737));
#2590=DIRECTION('ref_axis',(0.,0.271252331084737,0.962508271591001));
#2591=DIRECTION('',(0.,0.271252331084737,0.962508271591001));
#2592=DIRECTION('',(-1.,0.,0.));
#2593=DIRECTION('',(0.,-0.271252331084737,-0.962508271591001));
#2594=DIRECTION('',(1.,0.,0.));
#2595=DIRECTION('center_axis',(0.,0.962508271591001,-0.271252331084737));
#2596=DIRECTION('ref_axis',(0.,0.271252331084737,0.962508271591001));
#2597=DIRECTION('',(0.,-0.271252331084737,-0.962508271591001));
#2598=DIRECTION('',(1.,0.,0.));
#2599=DIRECTION('',(0.,0.271252331084737,0.962508271591001));
#2600=DIRECTION('',(-1.,0.,0.));
#2601=DIRECTION('center_axis',(0.,0.,-1.));
#2602=DIRECTION('ref_axis',(1.,0.,0.));
#2603=DIRECTION('',(0.,-1.,0.));
#2604=DIRECTION('',(0.,1.,0.));
#2605=DIRECTION('center_axis',(-1.,0.,0.));
#2606=DIRECTION('ref_axis',(0.,-1.,0.));
#2607=DIRECTION('',(0.,-1.,0.));
#2608=DIRECTION('',(0.,-1.,0.));
#2609=DIRECTION('center_axis',(0.,0.,-1.));
#2610=DIRECTION('ref_axis',(1.,0.,0.));
#2611=DIRECTION('',(0.,-1.,0.));
#2612=DIRECTION('',(0.,1.,0.));
#2613=DIRECTION('center_axis',(-1.,0.,0.));
#2614=DIRECTION('ref_axis',(0.,-1.,0.));
#2615=DIRECTION('',(0.,-1.,0.));
#2616=DIRECTION('',(0.,-1.,0.));
#2617=DIRECTION('center_axis',(0.,0.,-1.));
#2618=DIRECTION('ref_axis',(1.,0.,0.));
#2619=DIRECTION('',(0.,-1.,0.));
#2620=DIRECTION('',(0.,1.,0.));
#2621=DIRECTION('center_axis',(-1.,0.,0.));
#2622=DIRECTION('ref_axis',(0.,-1.,0.));
#2623=DIRECTION('',(0.,-1.,0.));
#2624=DIRECTION('',(0.,0.,1.));
#2625=DIRECTION('center_axis',(0.,0.,1.));
#2626=DIRECTION('ref_axis',(-1.,0.,0.));
#2627=DIRECTION('',(-1.,0.,0.));
#2628=DIRECTION('',(0.,-1.,0.));
#2629=DIRECTION('center_axis',(0.,0.,1.));
#2630=DIRECTION('ref_axis',(-1.,0.,0.));
#2631=DIRECTION('',(-1.,0.,0.));
#2632=DIRECTION('',(0.,-1.,0.));
#2633=DIRECTION('center_axis',(0.,0.,1.));
#2634=DIRECTION('ref_axis',(-1.,0.,0.));
#2635=DIRECTION('',(-1.,0.,0.));
#2636=DIRECTION('',(0.,-1.,0.));
#2637=DIRECTION('center_axis',(0.,1.,0.));
#2638=DIRECTION('ref_axis',(-1.,0.,0.));
#2639=DIRECTION('',(0.,0.,1.));
#2640=DIRECTION('',(-1.,0.,0.));
#2641=DIRECTION('',(-1.,0.,0.));
#2642=DIRECTION('center_axis',(1.,0.,0.));
#2643=DIRECTION('ref_axis',(0.,1.,0.));
#2644=DIRECTION('',(0.,1.,0.));
#2645=DIRECTION('center_axis',(1.,0.,0.));
#2646=DIRECTION('ref_axis',(0.,1.,0.));
#2647=DIRECTION('',(0.,1.,0.));
#2648=DIRECTION('center_axis',(0.,0.,-1.));
#2649=DIRECTION('ref_axis',(1.,0.,0.));
#2650=DIRECTION('center_axis',(0.,0.,-1.));
#2651=DIRECTION('ref_axis',(1.,0.,0.));
#2652=DIRECTION('center_axis',(1.,0.,0.));
#2653=DIRECTION('ref_axis',(0.,1.,0.));
#2654=DIRECTION('center_axis',(0.,-0.962508271591001,-0.271252331084737));
#2655=DIRECTION('ref_axis',(0.,0.271252331084737,-0.962508271591001));
#2656=DIRECTION('',(0.,0.271252331084737,-0.962508271591001));
#2657=DIRECTION('',(-1.,0.,0.));
#2658=DIRECTION('',(0.,-0.271252331084737,0.962508271591001));
#2659=DIRECTION('',(-1.,0.,0.));
#2660=DIRECTION('center_axis',(0.,-0.962508271591001,-0.271252331084737));
#2661=DIRECTION('ref_axis',(0.,0.271252331084737,-0.962508271591001));
#2662=DIRECTION('',(0.,-0.271252331084737,0.962508271591001));
#2663=DIRECTION('',(-1.,0.,0.));
#2664=DIRECTION('',(0.,0.271252331084737,-0.962508271591001));
#2665=DIRECTION('',(-1.,0.,0.));
#2666=DIRECTION('center_axis',(1.,0.,0.));
#2667=DIRECTION('ref_axis',(0.,1.,0.));
#2668=DIRECTION('',(0.,1.,0.));
#2669=DIRECTION('',(0.,-1.,0.));
#2670=DIRECTION('',(0.,1.,0.));
#2671=DIRECTION('center_axis',(-1.,0.,0.));
#2672=DIRECTION('ref_axis',(0.,-1.,0.));
#2673=DIRECTION('',(0.,1.,0.));
#2674=DIRECTION('',(0.,1.,0.));
#2675=DIRECTION('center_axis',(1.,0.,0.));
#2676=DIRECTION('ref_axis',(0.,1.,0.));
#2677=DIRECTION('',(0.,1.,0.));
#2678=DIRECTION('',(0.,1.,0.));
#2679=DIRECTION('center_axis',(-1.,0.,0.));
#2680=DIRECTION('ref_axis',(0.,-1.,0.));
#2681=DIRECTION('',(0.,1.,0.));
#2682=DIRECTION('',(0.,1.,0.));
#2683=DIRECTION('',(0.,1.,0.));
#2684=DIRECTION('center_axis',(0.,0.,-1.));
#2685=DIRECTION('ref_axis',(-1.,0.,0.));
#2686=DIRECTION('center_axis',(0.,0.,-1.));
#2687=DIRECTION('ref_axis',(-1.,0.,0.));
#2688=DIRECTION('center_axis',(0.,0.,1.));
#2689=DIRECTION('ref_axis',(1.,0.,0.));
#2690=DIRECTION('center_axis',(0.,0.,1.));
#2691=DIRECTION('ref_axis',(1.,0.,0.));
#2692=DIRECTION('center_axis',(0.,0.,1.));
#2693=DIRECTION('ref_axis',(1.,0.,0.));
#2694=DIRECTION('center_axis',(0.,0.,1.));
#2695=DIRECTION('ref_axis',(1.,0.,0.));
#2696=DIRECTION('center_axis',(0.,0.,-1.));
#2697=DIRECTION('ref_axis',(-1.,4.62592926927148E-16,0.));
#2698=DIRECTION('',(5.04646829375071E-16,1.,0.));
#2699=DIRECTION('center_axis',(0.92847669088526,-4.68552818203904E-16,0.371390676354103));
#2700=DIRECTION('ref_axis',(0.371390676354103,-1.71802700008098E-16,-0.928476690885259));
#2701=DIRECTION('',(0.,1.,0.));
#2702=DIRECTION('center_axis',(0.,0.,1.));
#2703=DIRECTION('ref_axis',(1.,0.,0.));
#2704=DIRECTION('center_axis',(1.,2.24855296126614E-15,0.));
#2705=DIRECTION('ref_axis',(-2.24855296126614E-15,1.,0.));
#2706=DIRECTION('',(0.,0.,1.));
#2707=DIRECTION('',(-2.24855296126614E-15,1.,0.));
#2708=DIRECTION('',(0.,0.,1.));
#2709=DIRECTION('center_axis',(0.,0.,1.));
#2710=DIRECTION('ref_axis',(1.,0.,0.));
#2711=DIRECTION('',(0.,-1.,0.));
#2712=DIRECTION('',(1.,4.89804275569921E-15,0.));
#2713=DIRECTION('',(-1.,-3.26536183713281E-16,0.));
#2714=DIRECTION('center_axis',(-1.,3.26536183713281E-16,0.));
#2715=DIRECTION('ref_axis',(3.26536183713281E-16,1.,0.));
#2716=DIRECTION('',(0.,0.,-1.));
#2717=DIRECTION('',(3.26536183713281E-16,1.,0.));
#2718=DIRECTION('',(0.,0.,-1.));
#2719=DIRECTION('center_axis',(3.26536183713281E-16,-1.,0.));
#2720=DIRECTION('ref_axis',(-1.,-3.26536183713281E-16,0.));
#2721=DIRECTION('',(-1.,-3.26536183713281E-16,0.));
#2722=DIRECTION('',(0.,0.,1.));
#2723=DIRECTION('',(0.,0.,-1.));
#2724=DIRECTION('center_axis',(1.,1.11022302462516E-15,0.));
#2725=DIRECTION('ref_axis',(1.11022302462516E-15,-1.,0.));
#2726=DIRECTION('',(1.11022302462516E-15,-1.,0.));
#2727=DIRECTION('',(0.,0.,-1.));
#2728=DIRECTION('center_axis',(0.,1.,0.));
#2729=DIRECTION('ref_axis',(1.,0.,0.));
#2730=DIRECTION('',(1.,0.,0.));
#2731=DIRECTION('center_axis',(-1.,3.26536183713281E-16,0.));
#2732=DIRECTION('ref_axis',(3.26536183713281E-16,1.,0.));
#2733=DIRECTION('',(0.,0.,-1.));
#2734=DIRECTION('',(0.,0.,-1.));
#2735=DIRECTION('',(3.26536183713281E-16,1.,0.));
#2736=DIRECTION('center_axis',(5.07530525542929E-15,-1.,0.));
#2737=DIRECTION('ref_axis',(-1.,-5.07530525542929E-15,0.));
#2738=DIRECTION('',(-1.,-5.07530525542929E-15,0.));
#2739=DIRECTION('',(0.,0.,-1.));
#2740=DIRECTION('center_axis',(1.,3.33066907387547E-15,0.));
#2741=DIRECTION('ref_axis',(3.33066907387547E-15,-1.,0.));
#2742=DIRECTION('',(3.33066907387547E-15,-1.,0.));
#2743=DIRECTION('',(0.,0.,-1.));
#2744=DIRECTION('center_axis',(-4.89804275569921E-15,1.,0.));
#2745=DIRECTION('ref_axis',(1.,4.89804275569921E-15,0.));
#2746=DIRECTION('',(1.,4.89804275569921E-15,0.));
#2747=DIRECTION('',(0.,0.,-1.));
#2748=DIRECTION('center_axis',(1.,4.49710592253228E-15,0.));
#2749=DIRECTION('ref_axis',(4.49710592253228E-15,-1.,0.));
#2750=DIRECTION('',(4.49710592253228E-15,-1.,0.));
#2751=DIRECTION('center_axis',(0.,0.,-1.));
#2752=DIRECTION('ref_axis',(-1.,0.,0.));
#2753=DIRECTION('',(3.26536183713281E-16,1.,0.));
#2754=DIRECTION('center_axis',(1.,-3.26536183713281E-16,0.));
#2755=DIRECTION('ref_axis',(-3.26536183713281E-16,-1.,0.));
#2756=DIRECTION('',(0.,0.,-1.));
#2757=DIRECTION('',(3.26536183713281E-16,1.,0.));
#2758=DIRECTION('',(0.,0.,-1.));
#2759=DIRECTION('center_axis',(1.82003774528714E-16,-1.,0.));
#2760=DIRECTION('ref_axis',(-1.,-1.82003774528714E-16,0.));
#2761=DIRECTION('',(1.,1.82003774528714E-16,0.));
#2762=DIRECTION('',(0.,0.,-1.));
#2763=DIRECTION('center_axis',(-3.64007549057428E-16,1.,0.));
#2764=DIRECTION('ref_axis',(1.,3.64007549057428E-16,0.));
#2765=DIRECTION('',(-1.,-3.64007549057428E-16,0.));
#2766=DIRECTION('',(0.,0.,-1.));
#2767=DIRECTION('center_axis',(-1.,3.26536183713281E-16,0.));
#2768=DIRECTION('ref_axis',(3.26536183713281E-16,1.,0.));
#2769=DIRECTION('',(-3.26536183713281E-16,-1.,0.));
#2770=DIRECTION('center_axis',(0.,0.,-1.));
#2771=DIRECTION('ref_axis',(-1.,0.,0.));
#2772=DIRECTION('',(0.,0.,-1.));
#2773=DIRECTION('center_axis',(0.,0.,1.));
#2774=DIRECTION('ref_axis',(-1.,0.,0.));
#2775=DIRECTION('center_axis',(1.,-7.449548433632E-16,0.));
#2776=DIRECTION('ref_axis',(0.,0.,-1.));
#2777=DIRECTION('',(7.449548433632E-16,1.,0.));
#2778=DIRECTION('',(0.,0.,1.));
#2779=DIRECTION('',(7.449548433632E-16,1.,0.));
#2780=DIRECTION('center_axis',(1.,-7.449548433632E-16,0.));
#2781=DIRECTION('ref_axis',(0.,0.,-1.));
#2782=DIRECTION('',(7.449548433632E-16,1.,0.));
#2783=DIRECTION('',(7.449548433632E-16,1.,0.));
#2784=DIRECTION('center_axis',(0.,0.,1.));
#2785=DIRECTION('ref_axis',(1.,-7.40148683083438E-16,0.));
#2786=DIRECTION('',(7.449548433632E-16,1.,0.));
#2787=DIRECTION('',(-1.,0.,0.));
#2788=DIRECTION('center_axis',(0.,0.,1.));
#2789=DIRECTION('ref_axis',(1.,-7.40148683083438E-16,0.));
#2790=DIRECTION('',(7.449548433632E-16,1.,0.));
#2791=DIRECTION('center_axis',(0.,0.,-1.));
#2792=DIRECTION('ref_axis',(-1.,7.40148683083438E-16,0.));
#2793=DIRECTION('',(7.449548433632E-16,1.,0.));
#2794=DIRECTION('center_axis',(-1.,7.449548433632E-16,0.));
#2795=DIRECTION('ref_axis',(0.,0.,1.));
#2796=DIRECTION('',(0.,0.,-1.));
#2797=DIRECTION('center_axis',(-1.,7.449548433632E-16,0.));
#2798=DIRECTION('ref_axis',(0.,0.,1.));
#2799=DIRECTION('',(7.449548433632E-16,1.,0.));
#2800=DIRECTION('center_axis',(0.,0.,-1.));
#2801=DIRECTION('ref_axis',(-1.,7.40148683083438E-16,0.));
#2802=DIRECTION('center_axis',(0.,0.,1.));
#2803=DIRECTION('ref_axis',(1.,0.,0.));
#2804=DIRECTION('center_axis',(0.,1.,0.));
#2805=DIRECTION('ref_axis',(-1.,0.,0.));
#2806=DIRECTION('',(1.,0.,0.));
#2807=DIRECTION('center_axis',(0.,0.,1.));
#2808=DIRECTION('ref_axis',(1.,0.,0.));
#2809=DIRECTION('center_axis',(0.,0.642787609686539,0.766044443118978));
#2810=DIRECTION('ref_axis',(-1.,0.,0.));
#2811=DIRECTION('',(1.14182016674842E-15,-0.766044443118978,0.642787609686539));
#2812=DIRECTION('',(1.,0.,0.));
#2813=DIRECTION('',(0.,-0.766044443118978,0.642787609686539));
#2814=DIRECTION('center_axis',(0.,0.,-1.));
#2815=DIRECTION('ref_axis',(1.,-5.55111512312579E-16,0.));
#2816=DIRECTION('',(-0.766044443118978,0.,0.642787609686539));
#2817=DIRECTION('center_axis',(0.,0.,1.));
#2818=DIRECTION('ref_axis',(1.,-5.55111512312579E-16,0.));
#2819=DIRECTION('center_axis',(0.642787609686539,0.,0.766044443118978));
#2820=DIRECTION('ref_axis',(0.,1.,0.));
#2821=DIRECTION('',(-0.766044443118978,-5.70910083374211E-16,0.642787609686539));
#2822=DIRECTION('',(0.,-1.,0.));
#2823=DIRECTION('center_axis',(0.,0.,-1.));
#2824=DIRECTION('ref_axis',(-1.11022302462516E-15,-1.,0.));
#2825=DIRECTION('',(0.,0.766044443118978,0.642787609686539));
#2826=DIRECTION('center_axis',(0.,0.,1.));
#2827=DIRECTION('ref_axis',(-1.11022302462516E-15,-1.,0.));
#2828=DIRECTION('center_axis',(0.,-0.642787609686539,0.766044443118978));
#2829=DIRECTION('ref_axis',(1.,0.,0.));
#2830=DIRECTION('',(1.14182016674842E-15,0.766044443118978,0.642787609686539));
#2831=DIRECTION('',(-1.,0.,0.));
#2832=DIRECTION('center_axis',(0.,0.,-1.));
#2833=DIRECTION('ref_axis',(-1.,0.,0.));
#2834=DIRECTION('',(0.766044443118978,0.,0.642787609686539));
#2835=DIRECTION('center_axis',(0.,0.,1.));
#2836=DIRECTION('ref_axis',(-1.,0.,0.));
#2837=DIRECTION('center_axis',(-0.642787609686539,0.,0.766044443118978));
#2838=DIRECTION('ref_axis',(0.,-1.,0.));
#2839=DIRECTION('',(0.766044443118978,-5.70910083374212E-16,0.64278760968654));
#2840=DIRECTION('',(0.,1.,0.));
#2841=DIRECTION('center_axis',(0.,0.,-1.));
#2842=DIRECTION('ref_axis',(-1.11022302462516E-15,1.,0.));
#2843=DIRECTION('center_axis',(0.,0.,1.));
#2844=DIRECTION('ref_axis',(-1.11022302462516E-15,1.,0.));
#2845=DIRECTION('center_axis',(0.,0.,1.));
#2846=DIRECTION('ref_axis',(1.,0.,0.));
#2847=CARTESIAN_POINT('',(0.,0.,0.));
#2848=CARTESIAN_POINT('Origin',(-3.,7.1,3.5));
#2849=CARTESIAN_POINT('',(7.261,7.1,2.5));
#2850=CARTESIAN_POINT('',(7.261,8.1,3.5));
#2851=CARTESIAN_POINT('Origin',(7.261,7.1,3.5));
#2852=CARTESIAN_POINT('',(-7.186,8.1,3.5));
#2853=CARTESIAN_POINT('',(-3.,8.1,3.5));
#2854=CARTESIAN_POINT('',(-7.186,7.1,2.5));
#2855=CARTESIAN_POINT('Origin',(-7.186,7.1,3.5));
#2856=CARTESIAN_POINT('',(-3.,7.1,2.5));
#2857=CARTESIAN_POINT('Origin',(-6.,8.1,2.5));
#2858=CARTESIAN_POINT('',(7.261,8.1,16.5));
#2859=CARTESIAN_POINT('',(7.261,8.1,2.5));
#2860=CARTESIAN_POINT('',(-7.186,8.1,16.5));
#2861=CARTESIAN_POINT('',(-6.,8.1,16.5));
#2862=CARTESIAN_POINT('',(-7.186,8.1,2.5));
#2863=CARTESIAN_POINT('',(-2.95,8.1,9.5));
#2864=CARTESIAN_POINT('',(-2.95,8.1,14.));
#2865=CARTESIAN_POINT('',(-2.95,8.1,6.));
#2866=CARTESIAN_POINT('',(2.95000000000001,8.1,14.));
#2867=CARTESIAN_POINT('',(-4.47500000000001,8.1,14.));
#2868=CARTESIAN_POINT('',(2.95000000000001,8.1,9.5));
#2869=CARTESIAN_POINT('',(2.95,8.1,8.25));
#2870=CARTESIAN_POINT('',(-1.52500000000001,8.1,9.5));
#2871=CARTESIAN_POINT('Origin',(2.99999999999999,-7.1,3.5));
#2872=CARTESIAN_POINT('',(-7.18600000000001,-7.1,2.5));
#2873=CARTESIAN_POINT('',(-7.18600000000001,-8.1,3.5));
#2874=CARTESIAN_POINT('Origin',(-7.18600000000001,-7.1,3.5));
#2875=CARTESIAN_POINT('',(7.26099999999999,-8.1,3.5));
#2876=CARTESIAN_POINT('',(2.99999999999999,-8.1,3.5));
#2877=CARTESIAN_POINT('',(7.261,-7.10000000000001,2.5));
#2878=CARTESIAN_POINT('Origin',(7.261,-7.10000000000001,3.5));
#2879=CARTESIAN_POINT('',(2.99999999999999,-7.1,2.5));
#2880=CARTESIAN_POINT('Origin',(5.99999999999999,-8.1,2.5));
#2881=CARTESIAN_POINT('',(-7.18600000000001,-8.1,16.5));
#2882=CARTESIAN_POINT('',(-7.18600000000001,-8.1,2.5));
#2883=CARTESIAN_POINT('',(7.26099999999999,-8.1,16.5));
#2884=CARTESIAN_POINT('',(5.99999999999999,-8.1,16.5));
#2885=CARTESIAN_POINT('',(7.26099999999999,-8.1,2.5));
#2886=CARTESIAN_POINT('',(-2.95000000000001,-8.1,14.));
#2887=CARTESIAN_POINT('',(-2.95000000000001,-8.1,9.5));
#2888=CARTESIAN_POINT('',(-2.95000000000001,-8.1,6.));
#2889=CARTESIAN_POINT('',(2.94999999999999,-8.1,9.5));
#2890=CARTESIAN_POINT('',(4.47499999999999,-8.1,9.5));
#2891=CARTESIAN_POINT('',(2.94999999999999,-8.1,14.));
#2892=CARTESIAN_POINT('',(2.94999999999999,-8.1,8.25));
#2893=CARTESIAN_POINT('',(1.52499999999999,-8.1,14.));
#2894=CARTESIAN_POINT('Origin',(-8.,13.7,8.5));
#2895=CARTESIAN_POINT('',(-8.,16.8,8.5));
#2896=CARTESIAN_POINT('',(-8.,15.25,14.));
#2897=CARTESIAN_POINT('',(-8.,15.9109543679657,11.654678049154));
#2898=CARTESIAN_POINT('',(-8.,13.7,14.));
#2899=CARTESIAN_POINT('',(-8.,15.3,14.));
#2900=CARTESIAN_POINT('',(-8.,13.7,8.5));
#2901=CARTESIAN_POINT('',(-8.,13.7,8.5));
#2902=CARTESIAN_POINT('',(-8.,15.3,8.5));
#2903=CARTESIAN_POINT('',(-8.,14.1,8.5));
#2904=CARTESIAN_POINT('',(-8.,14.1,8.5));
#2905=CARTESIAN_POINT('Origin',(-4.44089209850063E-15,14.5,8.5));
#2906=CARTESIAN_POINT('',(-7.18600000000001,13.7,8.5));
#2907=CARTESIAN_POINT('',(18.,13.7,8.5));
#2908=CARTESIAN_POINT('',(-3.,13.7,8.5));
#2909=CARTESIAN_POINT('',(18.,13.7,8.5));
#2910=CARTESIAN_POINT('',(-3.,15.3,8.5));
#2911=CARTESIAN_POINT('',(-3.,14.9,8.5));
#2912=CARTESIAN_POINT('',(-18.,15.3,8.5));
#2913=CARTESIAN_POINT('Origin',(-14.,15.3,2.5));
#2914=CARTESIAN_POINT('',(-14.,16.8,8.5));
#2915=CARTESIAN_POINT('',(-14.,15.25,14.));
#2916=CARTESIAN_POINT('',(-14.,16.753064466733,8.66654544062476));
#2917=CARTESIAN_POINT('',(-14.,15.3,8.5));
#2918=CARTESIAN_POINT('',(-14.,15.3,8.5));
#2919=CARTESIAN_POINT('',(-14.,15.3,2.5));
#2920=CARTESIAN_POINT('',(-14.,15.3,2.5));
#2921=CARTESIAN_POINT('',(-14.,9.69999999999999,2.5));
#2922=CARTESIAN_POINT('',(-14.,7.65,2.5));
#2923=CARTESIAN_POINT('',(-14.,13.7,6.5));
#2924=CARTESIAN_POINT('Origin',(-14.,9.69999999999999,6.5));
#2925=CARTESIAN_POINT('',(-14.,13.7,14.));
#2926=CARTESIAN_POINT('',(-14.,13.7,2.5));
#2927=CARTESIAN_POINT('',(-14.,14.9,14.));
#2928=CARTESIAN_POINT('Origin',(18.,15.3,2.5));
#2929=CARTESIAN_POINT('',(-18.,15.3,8.5));
#2930=CARTESIAN_POINT('',(3.,15.3,8.5));
#2931=CARTESIAN_POINT('',(10.5,15.3,8.5));
#2932=CARTESIAN_POINT('',(12.,15.3,8.5));
#2933=CARTESIAN_POINT('',(-18.,15.3,8.5));
#2934=CARTESIAN_POINT('',(18.,15.3,8.5));
#2935=CARTESIAN_POINT('',(18.,15.3,8.5));
#2936=CARTESIAN_POINT('',(18.,15.3,2.5));
#2937=CARTESIAN_POINT('',(18.,15.3,2.5));
#2938=CARTESIAN_POINT('',(9.,15.3,2.5));
#2939=CARTESIAN_POINT('Origin',(-12.,15.3,8.5));
#2940=CARTESIAN_POINT('',(-12.,16.8,8.5));
#2941=CARTESIAN_POINT('Origin',(-18.,15.25,14.));
#2942=CARTESIAN_POINT('',(-16.5,15.25,14.));
#2943=CARTESIAN_POINT('Origin',(18.,-12.5,10.1));
#2944=CARTESIAN_POINT('',(7.26099999999999,-13.7,8.5));
#2945=CARTESIAN_POINT('',(7.26099999999999,-10.5,10.1));
#2946=CARTESIAN_POINT('Origin',(7.26099999999999,-12.5,10.1));
#2947=CARTESIAN_POINT('',(2.94999999999999,-10.5,10.1));
#2948=CARTESIAN_POINT('',(18.,-10.5,10.1));
#2949=CARTESIAN_POINT('',(2.94999999999999,-10.5921215971661,9.5));
#2950=CARTESIAN_POINT('Origin',(2.94999999999999,-12.5,10.1));
#2951=CARTESIAN_POINT('',(-2.95000000000001,-10.5921215971661,9.5));
#2952=CARTESIAN_POINT('',(18.,-10.5921215971661,9.5));
#2953=CARTESIAN_POINT('',(-2.95000000000001,-10.5,10.1));
#2954=CARTESIAN_POINT('Origin',(-2.95000000000001,-12.5,10.1));
#2955=CARTESIAN_POINT('',(-7.18600000000001,-10.5,10.1));
#2956=CARTESIAN_POINT('',(18.,-10.5,10.1));
#2957=CARTESIAN_POINT('',(-7.18600000000001,-13.7,8.5));
#2958=CARTESIAN_POINT('Origin',(-7.18600000000001,-12.5,10.1));
#2959=CARTESIAN_POINT('',(-3.,-13.7,8.5));
#2960=CARTESIAN_POINT('',(18.,-13.7,8.5));
#2961=CARTESIAN_POINT('',(3.,-13.7,8.5));
#2962=CARTESIAN_POINT('',(18.,-13.7,8.5));
#2963=CARTESIAN_POINT('',(18.,-13.7,8.5));
#2964=CARTESIAN_POINT('Origin',(-18.,-13.7,2.5));
#2965=CARTESIAN_POINT('',(7.26099999999999,-13.7,6.5));
#2966=CARTESIAN_POINT('',(7.26099999999999,-13.7,2.5));
#2967=CARTESIAN_POINT('',(8.64999999999999,-13.7,8.5));
#2968=CARTESIAN_POINT('',(18.,-13.7,8.5));
#2969=CARTESIAN_POINT('',(8.64999999999999,-13.7,6.5));
#2970=CARTESIAN_POINT('',(8.64999999999999,-13.7,7.75));
#2971=CARTESIAN_POINT('',(-9.00000000000001,-13.7,6.5));
#2972=CARTESIAN_POINT('Origin',(-18.,-13.7,2.5));
#2973=CARTESIAN_POINT('',(-3.,-13.7,14.));
#2974=CARTESIAN_POINT('',(-3.,-13.7,8.5));
#2975=CARTESIAN_POINT('',(3.,-13.7,14.));
#2976=CARTESIAN_POINT('',(-18.,-13.7,14.));
#2977=CARTESIAN_POINT('',(3.,-13.7,8.5));
#2978=CARTESIAN_POINT('Origin',(-18.,-13.7,2.5));
#2979=CARTESIAN_POINT('',(-7.18600000000001,-13.7,6.5));
#2980=CARTESIAN_POINT('',(-7.18600000000001,-13.7,2.5));
#2981=CARTESIAN_POINT('',(-18.,-13.7,6.5));
#2982=CARTESIAN_POINT('',(-9.00000000000001,-13.7,6.5));
#2983=CARTESIAN_POINT('',(-18.,-13.7,14.));
#2984=CARTESIAN_POINT('',(-18.,-13.7,2.5));
#2985=CARTESIAN_POINT('',(-12.,-13.7,14.));
#2986=CARTESIAN_POINT('',(-18.,-13.7,14.));
#2987=CARTESIAN_POINT('',(-12.,-13.7,8.5));
#2988=CARTESIAN_POINT('',(-12.,-13.7,8.5));
#2989=CARTESIAN_POINT('',(18.,-13.7,8.5));
#2990=CARTESIAN_POINT('Origin',(-9.00000000000001,-9.69999999999999,6.5));
#2991=CARTESIAN_POINT('',(7.26099999999999,-9.69999999999999,2.5));
#2992=CARTESIAN_POINT('Origin',(7.26099999999999,-9.69999999999999,6.5));
#2993=CARTESIAN_POINT('',(8.64999999999999,-9.69999999999999,2.5));
#2994=CARTESIAN_POINT('Origin',(8.65,-9.69999999999999,6.5));
#2995=CARTESIAN_POINT('',(-9.00000000000001,-9.69999999999999,2.5));
#2996=CARTESIAN_POINT('Origin',(-9.00000000000001,-9.69999999999999,6.5));
#2997=CARTESIAN_POINT('',(-7.18600000000001,-9.69999999999999,2.5));
#2998=CARTESIAN_POINT('Origin',(-7.18600000000001,-9.69999999999999,6.5));
#2999=CARTESIAN_POINT('',(-18.,-9.69999999999999,2.5));
#3000=CARTESIAN_POINT('',(-9.00000000000001,-9.69999999999999,2.5));
#3001=CARTESIAN_POINT('Origin',(-18.,-9.69999999999999,6.5));
#3002=CARTESIAN_POINT('Origin',(-6.00000000000001,-10.5,2.5));
#3003=CARTESIAN_POINT('',(-2.95000000000001,-10.5,14.));
#3004=CARTESIAN_POINT('',(-2.95000000000001,-10.5,6.));
#3005=CARTESIAN_POINT('',(2.94999999999999,-10.5,14.));
#3006=CARTESIAN_POINT('',(-4.47500000000001,-10.5,14.));
#3007=CARTESIAN_POINT('',(2.94999999999999,-10.5,8.25));
#3008=CARTESIAN_POINT('',(7.26099999999999,-10.5,16.5));
#3009=CARTESIAN_POINT('',(7.26099999999999,-10.5,2.5));
#3010=CARTESIAN_POINT('',(-7.18600000000001,-10.5,16.5));
#3011=CARTESIAN_POINT('',(-6.00000000000001,-10.5,16.5));
#3012=CARTESIAN_POINT('',(-7.18600000000001,-10.5,2.5));
#3013=CARTESIAN_POINT('Origin',(18.,12.5,10.1));
#3014=CARTESIAN_POINT('',(-7.186,10.5,10.1));
#3015=CARTESIAN_POINT('Origin',(-7.18600000000001,12.5,10.1));
#3016=CARTESIAN_POINT('',(-2.94999999999999,10.5,10.1));
#3017=CARTESIAN_POINT('',(18.,10.5,10.1));
#3018=CARTESIAN_POINT('',(-2.94999999999999,10.5921215971661,9.5));
#3019=CARTESIAN_POINT('Origin',(-2.95000000000001,12.5,10.1));
#3020=CARTESIAN_POINT('',(2.94999999999999,10.5921215971661,9.5));
#3021=CARTESIAN_POINT('',(18.,10.5921215971661,9.5));
#3022=CARTESIAN_POINT('',(2.95000000000001,10.5,10.1));
#3023=CARTESIAN_POINT('Origin',(2.94999999999999,12.5,10.1));
#3024=CARTESIAN_POINT('',(7.261,10.5,10.1));
#3025=CARTESIAN_POINT('',(18.,10.5,10.1));
#3026=CARTESIAN_POINT('',(7.261,13.7,8.5));
#3027=CARTESIAN_POINT('Origin',(7.261,12.5,10.1));
#3028=CARTESIAN_POINT('',(3.,13.7,8.5));
#3029=CARTESIAN_POINT('',(18.,13.7,8.5));
#3030=CARTESIAN_POINT('',(18.,13.7,8.5));
#3031=CARTESIAN_POINT('Origin',(-18.,13.7,2.5));
#3032=CARTESIAN_POINT('',(3.,13.7,14.));
#3033=CARTESIAN_POINT('',(3.,13.7,8.5));
#3034=CARTESIAN_POINT('',(-3.,13.7,14.));
#3035=CARTESIAN_POINT('',(-18.,13.7,14.));
#3036=CARTESIAN_POINT('',(-3.,13.7,8.5));
#3037=CARTESIAN_POINT('Origin',(-18.,13.7,2.5));
#3038=CARTESIAN_POINT('',(7.261,13.7,6.5));
#3039=CARTESIAN_POINT('',(7.261,13.7,2.5));
#3040=CARTESIAN_POINT('',(8.64999999999992,13.7,6.5));
#3041=CARTESIAN_POINT('',(-9.00000000000001,13.7,6.5));
#3042=CARTESIAN_POINT('',(8.64999999999992,13.7,8.5));
#3043=CARTESIAN_POINT('',(8.64999999999992,13.7,2.5));
#3044=CARTESIAN_POINT('',(18.,13.7,8.5));
#3045=CARTESIAN_POINT('Origin',(-18.,13.7,2.5));
#3046=CARTESIAN_POINT('',(-7.186,13.7,6.5));
#3047=CARTESIAN_POINT('',(-9.00000000000001,13.7,6.5));
#3048=CARTESIAN_POINT('',(-7.186,13.7,2.5));
#3049=CARTESIAN_POINT('',(-18.,13.7,14.));
#3050=CARTESIAN_POINT('Origin',(-9.00000000000001,9.69999999999999,6.5));
#3051=CARTESIAN_POINT('',(7.261,9.69999999999999,2.5));
#3052=CARTESIAN_POINT('Origin',(7.261,9.69999999999999,6.5));
#3053=CARTESIAN_POINT('',(8.65,9.69999999999999,2.5));
#3054=CARTESIAN_POINT('',(-9.00000000000001,9.69999999999999,2.5));
#3055=CARTESIAN_POINT('Origin',(8.65,9.69999999999999,6.5));
#3056=CARTESIAN_POINT('Origin',(-9.00000000000001,9.69999999999999,6.5));
#3057=CARTESIAN_POINT('',(-7.186,9.69999999999999,2.5));
#3058=CARTESIAN_POINT('',(-9.00000000000001,9.69999999999999,2.5));
#3059=CARTESIAN_POINT('Origin',(-7.186,9.69999999999999,6.5));
#3060=CARTESIAN_POINT('Origin',(9.34999999999996,11.506,10.806));
#3061=CARTESIAN_POINT('',(10.05,9.31199999999999,13.));
#3062=CARTESIAN_POINT('',(10.0499999999999,13.7,8.612));
#3063=CARTESIAN_POINT('',(10.05,9.70599999999999,12.606));
#3064=CARTESIAN_POINT('',(8.64999999999992,13.7,8.612));
#3065=CARTESIAN_POINT('',(9.34999999999996,13.7,8.612));
#3066=CARTESIAN_POINT('',(8.64999999999996,9.31199999999999,13.));
#3067=CARTESIAN_POINT('',(8.65,11.706,10.606));
#3068=CARTESIAN_POINT('',(9.34999999999996,9.31199999999999,13.));
#3069=CARTESIAN_POINT('Origin',(9.34999999999993,13.7,7.75));
#3070=CARTESIAN_POINT('',(10.0499999999999,13.7,8.5));
#3071=CARTESIAN_POINT('',(10.0499999999999,13.7,10.375));
#3072=CARTESIAN_POINT('',(18.,13.7,8.5));
#3073=CARTESIAN_POINT('',(8.64999999999992,13.7,5.125));
#3074=CARTESIAN_POINT('Origin',(10.05,-4.,2.5));
#3075=CARTESIAN_POINT('',(10.05,4.,13.));
#3076=CARTESIAN_POINT('',(10.05,4.,13.));
#3077=CARTESIAN_POINT('',(10.05,4.,10.));
#3078=CARTESIAN_POINT('',(10.05,4.,7.75));
#3079=CARTESIAN_POINT('',(10.05,-4.,10.));
#3080=CARTESIAN_POINT('',(10.05,-4.,10.));
#3081=CARTESIAN_POINT('',(10.05,-4.,13.));
#3082=CARTESIAN_POINT('',(10.05,-4.,2.5));
#3083=CARTESIAN_POINT('',(10.05,-9.31199999999999,13.));
#3084=CARTESIAN_POINT('',(10.05,-4.,13.));
#3085=CARTESIAN_POINT('',(10.05,-13.7,8.612));
#3086=CARTESIAN_POINT('',(10.05,-11.706,10.606));
#3087=CARTESIAN_POINT('',(10.05,-13.7,8.5));
#3088=CARTESIAN_POINT('',(10.05,-13.7,5.125));
#3089=CARTESIAN_POINT('',(10.05,-13.7,6.5));
#3090=CARTESIAN_POINT('',(10.05,-13.7,2.5));
#3091=CARTESIAN_POINT('',(10.0500000000001,-9.69999999999999,2.5));
#3092=CARTESIAN_POINT('Origin',(10.05,-9.69999999999999,6.5));
#3093=CARTESIAN_POINT('',(10.05,9.69999999999999,2.5));
#3094=CARTESIAN_POINT('',(10.05,2.00000000000004,2.5));
#3095=CARTESIAN_POINT('',(10.0499999999999,13.7,6.5));
#3096=CARTESIAN_POINT('Origin',(10.05,9.69999999999999,6.5));
#3097=CARTESIAN_POINT('',(10.0499999999999,13.7,7.75000000000002));
#3098=CARTESIAN_POINT('Origin',(9.34999999999999,-11.506,10.806));
#3099=CARTESIAN_POINT('',(8.65000000000011,-9.31199999999999,13.));
#3100=CARTESIAN_POINT('',(8.64999999999999,-13.7,8.612));
#3101=CARTESIAN_POINT('',(8.64999999999999,-9.70599999999999,12.606));
#3102=CARTESIAN_POINT('',(9.34999999999999,-13.7,8.612));
#3103=CARTESIAN_POINT('',(9.34999999999999,-9.31199999999999,13.));
#3104=CARTESIAN_POINT('Origin',(9.34999999999999,-13.7,7.75));
#3105=CARTESIAN_POINT('',(8.64999999999999,-13.7,10.375));
#3106=CARTESIAN_POINT('',(18.,-13.7,8.5));
#3107=CARTESIAN_POINT('Origin',(8.65,3.99999999999999,2.5));
#3108=CARTESIAN_POINT('',(8.65,1.99999999999999,2.5));
#3109=CARTESIAN_POINT('',(8.65,3.99999999999999,13.));
#3110=CARTESIAN_POINT('Origin',(7.26099999999999,-10.5,2.5));
#3111=CARTESIAN_POINT('',(7.261,-5.25000000000001,2.5));
#3112=CARTESIAN_POINT('',(7.26099999999999,-8.1,16.5));
#3113=CARTESIAN_POINT('Origin',(-4.44089209850063E-15,-4.44089209850063E-15,
2.5));
#3114=CARTESIAN_POINT('',(-21.,15.8206160185145,2.5));
#3115=CARTESIAN_POINT('',(21.,15.8206160185145,2.5));
#3116=CARTESIAN_POINT('',(-21.,15.8206160185145,2.5));
#3117=CARTESIAN_POINT('',(-22.0206160185145,14.8,2.5));
#3118=CARTESIAN_POINT('Origin',(-21.,14.8,2.5));
#3119=CARTESIAN_POINT('',(-22.0206160185145,-14.8,2.5));
#3120=CARTESIAN_POINT('',(-22.0206160185145,-14.8,2.5));
#3121=CARTESIAN_POINT('',(-21.,-15.8206160185145,2.5));
#3122=CARTESIAN_POINT('Origin',(-21.,-14.8,2.5));
#3123=CARTESIAN_POINT('',(21.,-15.8206160185145,2.5));
#3124=CARTESIAN_POINT('',(21.,-15.8206160185145,2.5));
#3125=CARTESIAN_POINT('',(22.0206160185145,-14.8,2.5));
#3126=CARTESIAN_POINT('Origin',(21.,-14.8,2.5));
#3127=CARTESIAN_POINT('',(22.0206160185145,14.8,2.5));
#3128=CARTESIAN_POINT('',(22.0206160185145,14.8,2.5));
#3129=CARTESIAN_POINT('Origin',(21.,14.8,2.5));
#3130=CARTESIAN_POINT('',(-7.186,5.25,2.5));
#3131=CARTESIAN_POINT('',(18.,9.69999999999999,2.5));
#3132=CARTESIAN_POINT('',(18.,6.84999999999999,2.5));
#3133=CARTESIAN_POINT('',(-9.00000000000001,9.69999999999999,2.5));
#3134=CARTESIAN_POINT('',(18.,-9.69999999999999,2.5));
#3135=CARTESIAN_POINT('',(-9.00000000000001,-9.69999999999999,2.5));
#3136=CARTESIAN_POINT('',(18.,-15.3,2.5));
#3137=CARTESIAN_POINT('',(18.,-6.85,2.5));
#3138=CARTESIAN_POINT('',(-18.,-15.3,2.5));
#3139=CARTESIAN_POINT('',(9.,-15.3,2.5));
#3140=CARTESIAN_POINT('',(-18.,-7.65,2.5));
#3141=CARTESIAN_POINT('',(-7.186,-4.05,2.5));
#3142=CARTESIAN_POINT('',(7.261,4.05,2.5));
#3143=CARTESIAN_POINT('',(20.05,3.95,2.5));
#3144=CARTESIAN_POINT('',(20.05,-3.94999999999999,2.5));
#3145=CARTESIAN_POINT('',(20.05,-1.97499999999997,2.5));
#3146=CARTESIAN_POINT('',(20.05,-7.94999999999999,2.5));
#3147=CARTESIAN_POINT('',(20.05,-1.97499999999996,2.5));
#3148=CARTESIAN_POINT('',(16.55,-7.95000000000001,2.5));
#3149=CARTESIAN_POINT('',(10.025,-7.95000000000004,2.5));
#3150=CARTESIAN_POINT('',(16.55,-6.8,2.5));
#3151=CARTESIAN_POINT('',(16.55,-3.97500000000001,2.5));
#3152=CARTESIAN_POINT('',(10.45,-6.8,2.5));
#3153=CARTESIAN_POINT('',(8.275,-6.8,2.5));
#3154=CARTESIAN_POINT('',(10.45,6.8,2.5));
#3155=CARTESIAN_POINT('',(10.45,-3.40000000000001,2.5));
#3156=CARTESIAN_POINT('',(16.55,6.8,2.5));
#3157=CARTESIAN_POINT('',(5.225,6.8,2.5));
#3158=CARTESIAN_POINT('',(16.55,7.95,2.5));
#3159=CARTESIAN_POINT('',(16.55,-3.97500000000001,2.5));
#3160=CARTESIAN_POINT('',(20.05,7.95,2.5));
#3161=CARTESIAN_POINT('',(8.275,7.95,2.5));
#3162=CARTESIAN_POINT('',(20.05,3.97500000000001,2.5));
#3163=CARTESIAN_POINT('',(5.,6.12323399573677E-16,2.5));
#3164=CARTESIAN_POINT('Origin',(0.,0.,2.5));
#3165=CARTESIAN_POINT('Origin',(7.261,8.1,2.5));
#3166=CARTESIAN_POINT('',(7.261,10.5,16.5));
#3167=CARTESIAN_POINT('',(7.261,10.5,2.5));
#3168=CARTESIAN_POINT('',(7.261,8.1,16.5));
#3169=CARTESIAN_POINT('Origin',(-7.18600000000001,-8.1,2.5));
#3170=CARTESIAN_POINT('',(-7.18600000000001,-10.5,16.5));
#3171=CARTESIAN_POINT('Origin',(-7.186,10.5,2.5));
#3172=CARTESIAN_POINT('',(-7.186,10.5,16.5));
#3173=CARTESIAN_POINT('',(-7.186,10.5,16.5));
#3174=CARTESIAN_POINT('',(-7.186,10.5,2.5));
#3175=CARTESIAN_POINT('Origin',(-9.00000000000001,-9.69999999999999,6.5));
#3176=CARTESIAN_POINT('',(18.,-13.7,6.5));
#3177=CARTESIAN_POINT('',(-9.00000000000001,-13.7,6.5));
#3178=CARTESIAN_POINT('Origin',(18.,-9.69999999999999,6.5));
#3179=CARTESIAN_POINT('Origin',(-9.00000000000001,9.69999999999999,6.5));
#3180=CARTESIAN_POINT('',(18.,13.7,6.5));
#3181=CARTESIAN_POINT('Origin',(18.,9.69999999999999,6.5));
#3182=CARTESIAN_POINT('',(-9.00000000000001,13.7,6.5));
#3183=CARTESIAN_POINT('Origin',(-18.,13.7,2.5));
#3184=CARTESIAN_POINT('',(18.,13.7,14.));
#3185=CARTESIAN_POINT('',(18.,13.7,2.5));
#3186=CARTESIAN_POINT('',(12.,13.7,14.));
#3187=CARTESIAN_POINT('',(-18.,13.7,14.));
#3188=CARTESIAN_POINT('',(12.,13.7,8.5));
#3189=CARTESIAN_POINT('',(12.,13.7,8.5));
#3190=CARTESIAN_POINT('',(18.,13.7,8.5));
#3191=CARTESIAN_POINT('Origin',(10.05,4.,2.5));
#3192=CARTESIAN_POINT('',(11.25,4.00000000000001,10.));
#3193=CARTESIAN_POINT('',(10.35,4.,12.25));
#3194=CARTESIAN_POINT('',(10.95,4.00000000000001,10.));
#3195=CARTESIAN_POINT('Origin',(8.65,-4.,2.5));
#3196=CARTESIAN_POINT('',(11.25,-4.,10.));
#3197=CARTESIAN_POINT('',(10.05,-4.,10.));
#3198=CARTESIAN_POINT('',(11.25,-4.,10.));
#3199=CARTESIAN_POINT('Origin',(-18.,-13.7,2.5));
#3200=CARTESIAN_POINT('',(12.,-13.7,8.5));
#3201=CARTESIAN_POINT('',(18.,-13.7,8.5));
#3202=CARTESIAN_POINT('',(12.,-13.7,14.));
#3203=CARTESIAN_POINT('',(12.,-13.7,8.5));
#3204=CARTESIAN_POINT('',(18.,-13.7,14.));
#3205=CARTESIAN_POINT('',(-18.,-13.7,14.));
#3206=CARTESIAN_POINT('',(18.,-13.7,2.5));
#3207=CARTESIAN_POINT('Origin',(-18.,-16.8,8.5));
#3208=CARTESIAN_POINT('',(12.,-16.8,8.5));
#3209=CARTESIAN_POINT('',(12.,-15.25,14.));
#3210=CARTESIAN_POINT('',(12.,-16.7448166296608,8.69581195926805));
#3211=CARTESIAN_POINT('',(18.,-16.8,8.5));
#3212=CARTESIAN_POINT('',(12.,-16.8,8.5));
#3213=CARTESIAN_POINT('',(18.,-15.25,14.));
#3214=CARTESIAN_POINT('',(18.,-17.4692022050379,6.12541153051068));
#3215=CARTESIAN_POINT('',(-1.5,-15.25,14.));
#3216=CARTESIAN_POINT('Origin',(-18.,-16.8,8.5));
#3217=CARTESIAN_POINT('',(-3.,-16.8,8.5));
#3218=CARTESIAN_POINT('',(-3.,-15.25,14.));
#3219=CARTESIAN_POINT('',(-3.,-16.7448166296608,8.69581195926805));
#3220=CARTESIAN_POINT('',(3.,-16.8,8.5));
#3221=CARTESIAN_POINT('',(3.,-16.8,8.5));
#3222=CARTESIAN_POINT('',(3.,-15.25,14.));
#3223=CARTESIAN_POINT('',(3.,-16.6859543679657,8.90467804915397));
#3224=CARTESIAN_POINT('',(-9.00000000000001,-15.25,14.));
#3225=CARTESIAN_POINT('Origin',(-18.,-16.8,8.5));
#3226=CARTESIAN_POINT('',(-12.,-15.25,14.));
#3227=CARTESIAN_POINT('',(-12.,-16.8,8.5));
#3228=CARTESIAN_POINT('',(-12.,-16.6859543679657,8.90467804915397));
#3229=CARTESIAN_POINT('',(-18.,-15.25,14.));
#3230=CARTESIAN_POINT('',(-16.5,-15.25,14.));
#3231=CARTESIAN_POINT('',(-18.,-16.8,8.5));
#3232=CARTESIAN_POINT('',(-18.,-17.528064466733,5.91654544062476));
#3233=CARTESIAN_POINT('',(-12.,-16.8,8.5));
#3234=CARTESIAN_POINT('Origin',(-15.,-14.5,14.));
#3235=CARTESIAN_POINT('',(-12.,-15.3,14.));
#3236=CARTESIAN_POINT('',(-18.,-15.3,14.));
#3237=CARTESIAN_POINT('Origin',(-12.,-13.7,8.5));
#3238=CARTESIAN_POINT('',(-12.,-15.3,8.5));
#3239=CARTESIAN_POINT('',(-12.,-15.3,8.5));
#3240=CARTESIAN_POINT('',(-12.,-14.1,8.5));
#3241=CARTESIAN_POINT('Origin',(-4.44089209850063E-15,-14.5,14.));
#3242=CARTESIAN_POINT('',(3.,-15.3,14.));
#3243=CARTESIAN_POINT('',(-3.,-15.3,14.));
#3244=CARTESIAN_POINT('Origin',(3.,-13.7,8.5));
#3245=CARTESIAN_POINT('',(3.,-15.3,8.5));
#3246=CARTESIAN_POINT('',(3.,-15.3,8.5));
#3247=CARTESIAN_POINT('',(3.,-14.1,8.5));
#3248=CARTESIAN_POINT('Origin',(15.,-14.5,14.));
#3249=CARTESIAN_POINT('',(18.,-15.3,14.));
#3250=CARTESIAN_POINT('',(12.,-15.3,14.));
#3251=CARTESIAN_POINT('Origin',(18.,-13.7,2.5));
#3252=CARTESIAN_POINT('',(18.,-15.3,8.5));
#3253=CARTESIAN_POINT('',(18.,-15.3,8.5));
#3254=CARTESIAN_POINT('',(18.,-15.3,2.5));
#3255=CARTESIAN_POINT('Origin',(-12.,-15.3,8.5));
#3256=CARTESIAN_POINT('',(-18.,-15.3,8.5));
#3257=CARTESIAN_POINT('',(3.,-15.3,8.5));
#3258=CARTESIAN_POINT('',(-18.,-15.3,8.5));
#3259=CARTESIAN_POINT('Origin',(3.,-15.3,8.5));
#3260=CARTESIAN_POINT('',(-3.,-15.3,8.5));
#3261=CARTESIAN_POINT('',(10.5,-15.3,8.5));
#3262=CARTESIAN_POINT('',(-3.,-15.3,8.5));
#3263=CARTESIAN_POINT('Origin',(18.,-15.3,8.5));
#3264=CARTESIAN_POINT('',(12.,-15.3,8.5));
#3265=CARTESIAN_POINT('',(18.,-15.3,8.5));
#3266=CARTESIAN_POINT('',(12.,-15.3,8.5));
#3267=CARTESIAN_POINT('Origin',(18.,-15.3,2.5));
#3268=CARTESIAN_POINT('',(-18.,-15.3,2.5));
#3269=CARTESIAN_POINT('',(-18.,-15.3,8.5));
#3270=CARTESIAN_POINT('',(-18.,-15.3,8.5));
#3271=CARTESIAN_POINT('Origin',(12.,-15.3,8.5));
#3272=CARTESIAN_POINT('',(12.,-14.9,8.5));
#3273=CARTESIAN_POINT('Origin',(-3.,-15.3,8.5));
#3274=CARTESIAN_POINT('',(-3.,-14.9,8.5));
#3275=CARTESIAN_POINT('Origin',(-4.44089209850063E-15,-14.5,8.5));
#3276=CARTESIAN_POINT('Origin',(-4.44089209850063E-15,-14.5,8.5));
#3277=CARTESIAN_POINT('Origin',(-18.,-15.3,2.5));
#3278=CARTESIAN_POINT('Origin',(-18.,15.25,14.));
#3279=CARTESIAN_POINT('',(12.,15.25,14.));
#3280=CARTESIAN_POINT('',(12.,16.8,8.5));
#3281=CARTESIAN_POINT('',(12.,15.9698166296608,11.4458119592681));
#3282=CARTESIAN_POINT('',(18.,15.25,14.));
#3283=CARTESIAN_POINT('',(-1.5,15.25,14.));
#3284=CARTESIAN_POINT('',(18.,16.8,8.5));
#3285=CARTESIAN_POINT('',(18.,16.6942022050379,8.87541153051068));
#3286=CARTESIAN_POINT('',(12.,16.8,8.5));
#3287=CARTESIAN_POINT('Origin',(-18.,15.25,14.));
#3288=CARTESIAN_POINT('',(3.,16.8,8.5));
#3289=CARTESIAN_POINT('',(3.,15.25,14.));
#3290=CARTESIAN_POINT('',(3.,15.9109543679657,11.654678049154));
#3291=CARTESIAN_POINT('',(-3.,16.8,8.5));
#3292=CARTESIAN_POINT('',(3.,16.8,8.5));
#3293=CARTESIAN_POINT('',(-3.,15.25,14.));
#3294=CARTESIAN_POINT('',(-3.,15.9698166296608,11.4458119592681));
#3295=CARTESIAN_POINT('',(-9.00000000000001,15.25,14.));
#3296=CARTESIAN_POINT('Origin',(3.,13.7,8.5));
#3297=CARTESIAN_POINT('',(3.,15.3,14.));
#3298=CARTESIAN_POINT('',(3.,14.1,8.5));
#3299=CARTESIAN_POINT('',(3.,15.3,8.5));
#3300=CARTESIAN_POINT('Origin',(-3.,15.3,8.5));
#3301=CARTESIAN_POINT('',(-3.,15.3,8.5));
#3302=CARTESIAN_POINT('',(-3.,15.3,14.));
#3303=CARTESIAN_POINT('Origin',(18.,13.7,2.5));
#3304=CARTESIAN_POINT('',(18.,13.7,14.));
#3305=CARTESIAN_POINT('',(18.,15.3,8.5));
#3306=CARTESIAN_POINT('Origin',(12.,15.3,8.5));
#3307=CARTESIAN_POINT('',(12.,15.3,8.5));
#3308=CARTESIAN_POINT('',(12.,14.9,8.5));
#3309=CARTESIAN_POINT('',(12.,15.3,14.));
#3310=CARTESIAN_POINT('Origin',(3.,15.3,8.5));
#3311=CARTESIAN_POINT('Origin',(18.,15.3,8.5));
#3312=CARTESIAN_POINT('Origin',(15.,14.5,14.));
#3313=CARTESIAN_POINT('Origin',(-4.44089209850063E-15,14.5,8.5));
#3314=CARTESIAN_POINT('Origin',(-4.44089209850063E-15,14.5,14.));
#3315=CARTESIAN_POINT('Origin',(-15.,14.5,14.));
#3316=CARTESIAN_POINT('Origin',(11.25,-4.,10.));
#3317=CARTESIAN_POINT('',(11.25,-4.,10.));
#3318=CARTESIAN_POINT('Origin',(10.05,-4.,13.));
#3319=CARTESIAN_POINT('',(10.05,-4.,13.));
#3320=CARTESIAN_POINT('Origin',(9.34999999999999,2.22044604925031E-15,13.));
#3321=CARTESIAN_POINT('Origin',(20.05,-3.94999999999999,2.5));
#3322=CARTESIAN_POINT('',(20.05,3.95,8.));
#3323=CARTESIAN_POINT('',(20.05,3.95,2.5));
#3324=CARTESIAN_POINT('',(20.05,-3.94999999999999,8.));
#3325=CARTESIAN_POINT('',(20.05,3.95,8.));
#3326=CARTESIAN_POINT('',(20.05,-3.94999999999999,2.5));
#3327=CARTESIAN_POINT('Origin',(19.2,0.,8.));
#3328=CARTESIAN_POINT('',(18.35,3.95,8.));
#3329=CARTESIAN_POINT('',(18.35,-3.95,8.));
#3330=CARTESIAN_POINT('',(18.35,3.95,8.));
#3331=CARTESIAN_POINT('',(20.05,-3.94999999999999,8.));
#3332=CARTESIAN_POINT('',(20.05,3.95,8.));
#3333=CARTESIAN_POINT('Origin',(16.55,-7.95,2.5));
#3334=CARTESIAN_POINT('',(16.55,6.8,0.6));
#3335=CARTESIAN_POINT('',(16.55,6.8,2.5));
#3336=CARTESIAN_POINT('',(16.55,7.95,0.6));
#3337=CARTESIAN_POINT('',(16.55,-3.975,0.6));
#3338=CARTESIAN_POINT('',(16.55,7.95,2.5));
#3339=CARTESIAN_POINT('Origin',(20.05,3.95,2.5));
#3340=CARTESIAN_POINT('',(18.35,3.95,0.6));
#3341=CARTESIAN_POINT('',(20.05,3.95,0.6));
#3342=CARTESIAN_POINT('',(19.175,3.95,0.6));
#3343=CARTESIAN_POINT('',(18.35,3.95,2.5));
#3344=CARTESIAN_POINT('',(20.05,3.95,2.5));
#3345=CARTESIAN_POINT('Origin',(20.05,7.95,2.5));
#3346=CARTESIAN_POINT('',(20.05,7.95,0.6));
#3347=CARTESIAN_POINT('',(20.05,3.975,0.6));
#3348=CARTESIAN_POINT('',(20.05,7.95,2.5));
#3349=CARTESIAN_POINT('Origin',(16.55,7.95,2.5));
#3350=CARTESIAN_POINT('',(17.425,7.95,0.6));
#3351=CARTESIAN_POINT('Origin',(16.55,-7.95,2.5));
#3352=CARTESIAN_POINT('',(16.55,-6.8,0.6));
#3353=CARTESIAN_POINT('',(16.55,-6.8,2.5));
#3354=CARTESIAN_POINT('',(16.55,-7.95000000000001,0.6));
#3355=CARTESIAN_POINT('',(16.55,-7.95000000000001,2.5));
#3356=CARTESIAN_POINT('',(16.55,-3.975,0.6));
#3357=CARTESIAN_POINT('Origin',(20.05,-7.94999999999999,2.5));
#3358=CARTESIAN_POINT('',(20.05,-7.94999999999999,0.6));
#3359=CARTESIAN_POINT('',(19.175,-7.94999999999999,0.6));
#3360=CARTESIAN_POINT('',(20.05,-7.94999999999999,2.5));
#3361=CARTESIAN_POINT('Origin',(20.05,-3.94999999999999,2.5));
#3362=CARTESIAN_POINT('',(20.05,-3.94999999999999,0.6));
#3363=CARTESIAN_POINT('',(20.05,-1.97499999999999,0.6));
#3364=CARTESIAN_POINT('',(20.05,-3.94999999999999,2.5));
#3365=CARTESIAN_POINT('Origin',(18.35,-3.95,2.5));
#3366=CARTESIAN_POINT('',(18.35,-3.95,0.6));
#3367=CARTESIAN_POINT('',(18.325,-3.95,0.6));
#3368=CARTESIAN_POINT('',(18.35,-3.95,2.5));
#3369=CARTESIAN_POINT('Origin',(18.35,3.95,2.5));
#3370=CARTESIAN_POINT('',(18.35,1.97499999999999,0.6));
#3371=CARTESIAN_POINT('Origin',(18.3,-5.55111512312578E-15,0.6));
#3372=CARTESIAN_POINT('',(16.55,3.4,0.6));
#3373=CARTESIAN_POINT('Origin',(16.55,6.8,2.5));
#3374=CARTESIAN_POINT('',(16.55,6.8,0.));
#3375=CARTESIAN_POINT('',(16.55,6.8,2.5));
#3376=CARTESIAN_POINT('',(16.55,-6.8,0.));
#3377=CARTESIAN_POINT('',(16.55,3.39999999999999,0.));
#3378=CARTESIAN_POINT('',(16.55,-6.8,2.5));
#3379=CARTESIAN_POINT('Origin',(16.55,-6.8,2.5));
#3380=CARTESIAN_POINT('',(10.45,-6.8,0.));
#3381=CARTESIAN_POINT('',(8.275,-6.8,0.));
#3382=CARTESIAN_POINT('',(10.45,-6.8,2.5));
#3383=CARTESIAN_POINT('Origin',(10.45,6.8,2.5));
#3384=CARTESIAN_POINT('',(10.45,6.8,0.));
#3385=CARTESIAN_POINT('',(5.225,6.8,0.));
#3386=CARTESIAN_POINT('',(10.45,6.8,2.5));
#3387=CARTESIAN_POINT('Origin',(10.45,-6.8,2.5));
#3388=CARTESIAN_POINT('',(10.45,-3.40000000000001,0.));
#3389=CARTESIAN_POINT('Origin',(0.,0.,2.5));
#3390=CARTESIAN_POINT('',(5.,6.12323399573677E-16,0.));
#3391=CARTESIAN_POINT('',(5.,-6.12323399573677E-16,2.5));
#3392=CARTESIAN_POINT('Origin',(0.,0.,0.));
#3393=CARTESIAN_POINT('Origin',(2.94999999999999,-10.5,14.));
#3394=CARTESIAN_POINT('',(2.95000000000001,10.5,14.));
#3395=CARTESIAN_POINT('',(2.94999999999999,-10.5,14.));
#3396=CARTESIAN_POINT('',(2.95000000000001,10.5,8.25));
#3397=CARTESIAN_POINT('',(2.94999999999999,-10.5,9.5));
#3398=CARTESIAN_POINT('Origin',(2.94999999999999,-10.5,14.));
#3399=CARTESIAN_POINT('',(2.94999999999999,-10.5,9.5));
#3400=CARTESIAN_POINT('',(2.94999999999999,-10.5,14.));
#3401=CARTESIAN_POINT('Origin',(-2.95000000000001,-10.5,14.));
#3402=CARTESIAN_POINT('',(-2.94999999999999,10.5,14.));
#3403=CARTESIAN_POINT('',(-2.95000000000001,-10.5,14.));
#3404=CARTESIAN_POINT('',(1.52499999999999,10.5,14.));
#3405=CARTESIAN_POINT('Origin',(-2.95000000000001,-10.5,14.));
#3406=CARTESIAN_POINT('',(-2.95000000000001,-10.5,14.));
#3407=CARTESIAN_POINT('Origin',(2.94999999999999,-10.5,9.5));
#3408=CARTESIAN_POINT('',(-2.95000000000001,-10.5,9.5));
#3409=CARTESIAN_POINT('Origin',(-2.95000000000001,-10.5,9.5));
#3410=CARTESIAN_POINT('',(-2.94999999999999,10.5,6.));
#3411=CARTESIAN_POINT('Origin',(-2.95000000000001,-10.5,9.5));
#3412=CARTESIAN_POINT('',(-2.95000000000001,-10.5,9.5));
#3413=CARTESIAN_POINT('Origin',(2.94999999999999,-10.5,9.5));
#3414=CARTESIAN_POINT('Origin',(-7.7715611723761E-15,-9.3,16.5));
#3415=CARTESIAN_POINT('Origin',(6.,10.5,2.5));
#3416=CARTESIAN_POINT('',(6.,10.5,16.5));
#3417=CARTESIAN_POINT('Origin',(-2.22044604925031E-15,9.3,16.5));
#3418=CARTESIAN_POINT('Origin',(-21.,18.8,0.));
#3419=CARTESIAN_POINT('',(21.,18.8,0.));
#3420=CARTESIAN_POINT('',(21.,18.8,0.));
#3421=CARTESIAN_POINT('',(-21.,18.8,0.));
#3422=CARTESIAN_POINT('',(-21.,18.8,0.));
#3423=CARTESIAN_POINT('',(-21.,18.8,0.));
#3424=CARTESIAN_POINT('Origin',(21.,14.8,0.));
#3425=CARTESIAN_POINT('',(25.,14.8,0.));
#3426=CARTESIAN_POINT('',(25.,14.8,0.));
#3427=CARTESIAN_POINT('Origin',(21.,14.8,0.));
#3428=CARTESIAN_POINT('Origin',(25.,14.8,0.));
#3429=CARTESIAN_POINT('',(25.,-14.8,0.));
#3430=CARTESIAN_POINT('',(25.,-14.8,0.));
#3431=CARTESIAN_POINT('',(25.,14.8,0.));
#3432=CARTESIAN_POINT('Origin',(21.,-14.8,0.));
#3433=CARTESIAN_POINT('',(21.,-18.8,0.));
#3434=CARTESIAN_POINT('',(21.,-18.8,0.));
#3435=CARTESIAN_POINT('Origin',(21.,-14.8,0.));
#3436=CARTESIAN_POINT('Origin',(21.,-18.8,0.));
#3437=CARTESIAN_POINT('',(-21.,-18.8,0.));
#3438=CARTESIAN_POINT('',(-21.,-18.8,0.));
#3439=CARTESIAN_POINT('',(21.,-18.8,0.));
#3440=CARTESIAN_POINT('Origin',(-21.,-14.8,0.));
#3441=CARTESIAN_POINT('',(-25.,-14.8,0.));
#3442=CARTESIAN_POINT('',(-25.,-14.8,0.));
#3443=CARTESIAN_POINT('Origin',(-21.,-14.8,0.));
#3444=CARTESIAN_POINT('Origin',(-25.,-14.8,0.));
#3445=CARTESIAN_POINT('',(-25.,14.8,0.));
#3446=CARTESIAN_POINT('',(-25.,14.8,0.));
#3447=CARTESIAN_POINT('',(-25.,-14.8,0.));
#3448=CARTESIAN_POINT('Origin',(-21.,14.8,0.));
#3449=CARTESIAN_POINT('Origin',(-21.,14.8,0.));
#3450=CARTESIAN_POINT('Origin',(-4.44089209850063E-15,-4.44089209850063E-15,
0.));
#3451=UNCERTAINTY_MEASURE_WITH_UNIT(LENGTH_MEASURE(0.01),#3455,
'DISTANCE_ACCURACY_VALUE',
'Maximum model space distance between geometric entities at asserted c
onnectivities');
#3452=UNCERTAINTY_MEASURE_WITH_UNIT(LENGTH_MEASURE(0.01),#3455,
'DISTANCE_ACCURACY_VALUE',
'Maximum model space distance between geometric entities at asserted c
onnectivities');
#3453=(
GEOMETRIC_REPRESENTATION_CONTEXT(3)
GLOBAL_UNCERTAINTY_ASSIGNED_CONTEXT((#3451))
GLOBAL_UNIT_ASSIGNED_CONTEXT((#3455,#3457,#3458))
REPRESENTATION_CONTEXT('','3D')
);
#3454=(
GEOMETRIC_REPRESENTATION_CONTEXT(3)
GLOBAL_UNCERTAINTY_ASSIGNED_CONTEXT((#3452))
GLOBAL_UNIT_ASSIGNED_CONTEXT((#3455,#3457,#3458))
REPRESENTATION_CONTEXT('','3D')
);
#3455=(
LENGTH_UNIT()
NAMED_UNIT(*)
SI_UNIT(.MILLI.,.METRE.)
);
#3456=(
LENGTH_UNIT()
NAMED_UNIT(*)
SI_UNIT($,.METRE.)
);
#3457=(
NAMED_UNIT(*)
PLANE_ANGLE_UNIT()
SI_UNIT($,.RADIAN.)
);
#3458=(
NAMED_UNIT(*)
SI_UNIT($,.STERADIAN.)
SOLID_ANGLE_UNIT()
);
#3459=SHAPE_DEFINITION_REPRESENTATION(#3460,#3461);
#3460=PRODUCT_DEFINITION_SHAPE('',$,#3463);
#3461=SHAPE_REPRESENTATION('',(#2145),#3453);
#3462=PRODUCT_DEFINITION_CONTEXT('part definition',#3467,'design');
#3463=PRODUCT_DEFINITION('AUX/USB panel','AUX/USB panel v4',#3464,#3462);
#3464=PRODUCT_DEFINITION_FORMATION('',$,#3469);
#3465=PRODUCT_RELATED_PRODUCT_CATEGORY('AUX/USB panel v4',
'AUX/USB panel v4',(#3469));
#3466=APPLICATION_PROTOCOL_DEFINITION('international standard',
'automotive_design',2009,#3467);
#3467=APPLICATION_CONTEXT(
'Core Data for Automotive Mechanical Design Process');
#3468=PRODUCT_CONTEXT('part definition',#3467,'mechanical');
#3469=PRODUCT('AUX/USB panel','AUX/USB panel v4',$,(#3468));
#3470=PRESENTATION_STYLE_ASSIGNMENT((#3471));
#3471=SURFACE_STYLE_USAGE(.BOTH.,#3472);
#3472=SURFACE_SIDE_STYLE('',(#3473));
#3473=SURFACE_STYLE_FILL_AREA(#3474);
#3474=FILL_AREA_STYLE('Acciaio - Satinato',(#3475));
#3475=FILL_AREA_STYLE_COLOUR('Acciaio - Satinato',#3476);
#3476=COLOUR_RGB('Acciaio - Satinato',0.627450980392157,0.627450980392157,
0.627450980392157);
ENDSEC;
END-ISO-10303-21;
